scenario,stage,class,seed_42,seed_123,seed_2026,mean,sample_sd,support
maize-diseases,holdout,common_rust,1.0,0.9991603694374476,0.9983193277310924,0.99915989905618,0.0008403362331903947,1192
maize-diseases,holdout,healthy,0.9957654033453314,0.9954444326729527,0.996616620850074,0.9959421522894526,0.0006057527734824865,4741
maize-diseases,holdout,northern_corn_leaf_blight,0.9836065573770492,0.9836372136512389,0.9868297271872061,0.9846911660718315,0.0018521116826291247,1056
maize-diseases,validation,common_rust,0.9661538461538461,0.9631901840490797,0.975609756097561,0.968317928766829,0.006486438362746909,167
maize-diseases,validation,fall_armyworm,0.9793388429752066,0.978021978021978,0.981994459833795,0.9797850936103264,0.002023488981515066,728
maize-diseases,validation,gray_leaf_spot,0.9439728353140917,0.9536878216123499,0.9488054607508533,0.948822039225765,0.004857514367267361,290
maize-diseases,validation,healthy,0.9747048903878583,0.9763912310286678,0.9788672865595942,0.9766544693253735,0.0020936466447946073,582
maize-diseases,validation,lethal_necrosis,0.9953051643192489,0.9947753396029259,0.9958289885297185,0.995303164150631,0.0005268273111169133,962
maize-diseases,validation,nitrogen_deficiency,0.8924302788844621,0.9118773946360154,0.8932806324110671,0.8991961019771816,0.010990548799049876,127
maize-diseases,validation,northern_corn_leaf_blight,0.9732498577120091,0.9777015437392796,0.981797497155859,0.9775829662023826,0.004275053273317987,877
maize-diseases,validation,phosphorus_deficiency,0.9446494464944649,0.9485294117647058,0.9672727272727273,0.9534838618439659,0.012098063480736687,141
maize-diseases,validation,potassium_deficiency,0.8709677419354839,0.8663101604278075,0.8677248677248677,0.8683342566960531,0.0023878405649904607,93
multicrop-disease-maiz,holdout,common_rust,0.9725609756097561,0.9618090452261306,0.978005115089514,0.9707917119751336,0.008241716454204013,958
multicrop-disease-maiz,holdout,fall_armyworm,0.9045616305402783,0.8820786142571619,0.8818061088977424,0.8894821178983943,0.013059951796629438,1627
multicrop-disease-maiz,holdout,lethal_necrosis,0.8393466164063902,0.8470042796005706,0.8499822253821543,0.8454443737963716,0.0054867134206024,3231
multicrop-disease-maiz,validation,common_rust,0.9698630136986301,0.9783783783783784,0.975609756097561,0.9746170493915232,0.004343611269489388,187
multicrop-disease-maiz,validation,fall_armyworm,0.9791231732776617,0.9790794979079498,0.9802289281997919,0.9794771997951345,0.000651382053987111,477
multicrop-disease-maiz,validation,gray_leaf_spot,0.9367088607594937,0.9222423146473779,0.9367088607594937,0.9318866787221217,0.008352264292074151,290
multicrop-disease-maiz,validation,healthy,0.9909021986353298,0.9916349809885932,0.992018244013683,0.9915184745458686,0.0005670711022730027,1311
multicrop-disease-maiz,validation,lethal_necrosis,0.9959839357429718,0.996,0.9939759036144579,0.9953199464524766,0.001164002954425154,500
multicrop-disease-maiz,validation,nitrogen_deficiency,0.8931297709923665,0.90625,0.9277566539923955,0.9090454749949206,0.017481883963401793,127
multicrop-disease-maiz,validation,northern_corn_leaf_blight,0.9791969037252056,0.9749276759884281,0.9753504108264862,0.9764916635133734,0.002352322180019754,1024
multicrop-disease-maiz,validation,phosphorus_deficiency,0.9672727272727273,0.953405017921147,0.9672727272727273,0.9626501574888672,0.008006525727178393,141
multicrop-disease-maiz,validation,potassium_deficiency,0.8602150537634409,0.8571428571428571,0.8852459016393442,0.8675346041818807,0.015415159462001896,93
