scenario,seed,stage,class,support,precision,recall,f1
maize-diseases,42,validation,common_rust,167,0.9936708860759493,0.9401197604790419,0.9661538461538461
maize-diseases,42,validation,fall_armyworm,728,0.9820441988950276,0.9766483516483516,0.9793388429752066
maize-diseases,42,validation,gray_leaf_spot,290,0.9297658862876255,0.9586206896551724,0.9439728353140917
maize-diseases,42,validation,healthy,582,0.956953642384106,0.993127147766323,0.9747048903878583
maize-diseases,42,validation,lethal_necrosis,962,0.9989528795811519,0.9916839916839917,0.9953051643192489
maize-diseases,42,validation,nitrogen_deficiency,127,0.9032258064516129,0.8818897637795275,0.8924302788844621
maize-diseases,42,validation,northern_corn_leaf_blight,877,0.9715909090909091,0.9749144811858609,0.9732498577120091
maize-diseases,42,validation,phosphorus_deficiency,141,0.9846153846153847,0.9078014184397163,0.9446494464944649
maize-diseases,42,validation,potassium_deficiency,93,0.8709677419354839,0.8709677419354839,0.8709677419354839
maize-diseases,42,holdout,common_rust,1192,1.0,1.0,1.0
maize-diseases,42,holdout,healthy,4741,0.9995749202975558,0.991984813330521,0.9957654033453314
maize-diseases,42,holdout,northern_corn_leaf_blight,1056,0.9731232622798888,0.9943181818181818,0.9836065573770492
maize-diseases,123,validation,common_rust,167,0.9874213836477987,0.9401197604790419,0.9631901840490797
maize-diseases,123,validation,fall_armyworm,728,0.978021978021978,0.978021978021978,0.978021978021978
maize-diseases,123,validation,gray_leaf_spot,290,0.9488054607508533,0.9586206896551724,0.9536878216123499
maize-diseases,123,validation,healthy,582,0.9586092715231788,0.9948453608247423,0.9763912310286678
maize-diseases,123,validation,lethal_necrosis,962,1.0,0.9896049896049897,0.9947753396029259
maize-diseases,123,validation,nitrogen_deficiency,127,0.8880597014925373,0.937007874015748,0.9118773946360154
maize-diseases,123,validation,northern_corn_leaf_blight,877,0.9805045871559633,0.9749144811858609,0.9777015437392796
maize-diseases,123,validation,phosphorus_deficiency,141,0.9847328244274809,0.9148936170212766,0.9485294117647058
maize-diseases,123,validation,potassium_deficiency,93,0.8617021276595744,0.8709677419354839,0.8663101604278075
maize-diseases,123,holdout,common_rust,1192,1.0,0.9983221476510067,0.9991603694374476
maize-diseases,123,holdout,healthy,4741,1.0,0.9909301835055896,0.9954444326729527
maize-diseases,123,holdout,northern_corn_leaf_blight,1056,0.971375807940905,0.9962121212121212,0.9836372136512389
maize-diseases,2026,validation,common_rust,167,0.9937888198757764,0.9580838323353293,0.975609756097561
maize-diseases,2026,validation,fall_armyworm,728,0.9902234636871509,0.9739010989010989,0.981994459833795
maize-diseases,2026,validation,gray_leaf_spot,290,0.9391891891891891,0.9586206896551724,0.9488054607508533
maize-diseases,2026,validation,healthy,582,0.9633943427620633,0.9948453608247423,0.9788672865595942
maize-diseases,2026,validation,lethal_necrosis,962,0.9989539748953975,0.9927234927234927,0.9958289885297185
maize-diseases,2026,validation,nitrogen_deficiency,127,0.8968253968253969,0.889763779527559,0.8932806324110671
maize-diseases,2026,validation,northern_corn_leaf_blight,877,0.9795686719636776,0.984036488027366,0.981797497155859
maize-diseases,2026,validation,phosphorus_deficiency,141,0.9925373134328358,0.9432624113475178,0.9672727272727273
maize-diseases,2026,validation,potassium_deficiency,93,0.8541666666666666,0.8817204301075269,0.8677248677248677
maize-diseases,2026,holdout,common_rust,1192,1.0,0.9966442953020134,0.9983193277310924
maize-diseases,2026,holdout,healthy,4741,0.9991520033919864,0.9940940729803839,0.996616620850074
maize-diseases,2026,holdout,northern_corn_leaf_blight,1056,0.9803738317757009,0.9933712121212122,0.9868297271872061
multicrop-disease-maiz,42,validation,common_rust,187,0.9943820224719101,0.946524064171123,0.9698630136986301
multicrop-disease-maiz,42,validation,fall_armyworm,477,0.975051975051975,0.9832285115303984,0.9791231732776617
multicrop-disease-maiz,42,validation,gray_leaf_spot,290,0.9847908745247148,0.8931034482758621,0.9367088607594937
multicrop-disease-maiz,42,validation,healthy,1311,0.9849284099472494,0.9969488939740656,0.9909021986353298
multicrop-disease-maiz,42,validation,lethal_necrosis,500,1.0,0.992,0.9959839357429718
multicrop-disease-maiz,42,validation,nitrogen_deficiency,127,0.8666666666666667,0.9212598425196851,0.8931297709923665
multicrop-disease-maiz,42,validation,northern_corn_leaf_blight,1024,0.9702780441035475,0.98828125,0.9791969037252056
multicrop-disease-maiz,42,validation,phosphorus_deficiency,141,0.9925373134328358,0.9432624113475178,0.9672727272727273
multicrop-disease-maiz,42,validation,potassium_deficiency,93,0.8602150537634409,0.8602150537634409,0.8602150537634409
multicrop-disease-maiz,42,holdout,common_rust,958,0.9475247524752475,0.9989561586638831,0.9725609756097561
multicrop-disease-maiz,42,holdout,fall_armyworm,1627,0.9549180327868853,0.8592501536570375,0.9045616305402783
multicrop-disease-maiz,42,holdout,lethal_necrosis,3231,0.9991452991452991,0.7236149798823893,0.8393466164063902
multicrop-disease-maiz,123,validation,common_rust,187,0.9890710382513661,0.9679144385026738,0.9783783783783784
multicrop-disease-maiz,123,validation,fall_armyworm,477,0.9770354906054279,0.9811320754716981,0.9790794979079498
multicrop-disease-maiz,123,validation,gray_leaf_spot,290,0.9695817490494296,0.8793103448275862,0.9222423146473779
multicrop-disease-maiz,123,validation,healthy,1311,0.9886277482941622,0.9946605644546148,0.9916349809885932
multicrop-disease-maiz,123,validation,lethal_necrosis,500,0.996,0.996,0.996
multicrop-disease-maiz,123,validation,nitrogen_deficiency,127,0.8992248062015504,0.9133858267716536,0.90625
multicrop-disease-maiz,123,validation,northern_corn_leaf_blight,1024,0.9628571428571429,0.9873046875,0.9749276759884281
multicrop-disease-maiz,123,validation,phosphorus_deficiency,141,0.9637681159420289,0.9432624113475178,0.953405017921147
multicrop-disease-maiz,123,validation,potassium_deficiency,93,0.8764044943820225,0.8387096774193549,0.8571428571428571
multicrop-disease-maiz,123,holdout,common_rust,958,0.9273255813953488,0.9989561586638831,0.9618090452261306
multicrop-disease-maiz,123,holdout,fall_armyworm,1627,0.9629090909090909,0.8137676705593117,0.8820786142571619
multicrop-disease-maiz,123,holdout,lethal_necrosis,3231,0.9991586032814472,0.7350665428659857,0.8470042796005706
multicrop-disease-maiz,2026,validation,common_rust,187,0.989010989010989,0.9625668449197861,0.975609756097561
multicrop-disease-maiz,2026,validation,fall_armyworm,477,0.9731404958677686,0.9874213836477987,0.9802289281997919
multicrop-disease-maiz,2026,validation,gray_leaf_spot,290,0.9847908745247148,0.8931034482758621,0.9367088607594937
multicrop-disease-maiz,2026,validation,healthy,1311,0.9886363636363636,0.9954233409610984,0.992018244013683
multicrop-disease-maiz,2026,validation,lethal_necrosis,500,0.9979838709677419,0.99,0.9939759036144579
multicrop-disease-maiz,2026,validation,nitrogen_deficiency,127,0.8970588235294118,0.9606299212598425,0.9277566539923955
multicrop-disease-maiz,2026,validation,northern_corn_leaf_blight,1024,0.9655502392344497,0.9853515625,0.9753504108264862
multicrop-disease-maiz,2026,validation,phosphorus_deficiency,141,0.9925373134328358,0.9432624113475178,0.9672727272727273
multicrop-disease-maiz,2026,validation,potassium_deficiency,93,0.9,0.8709677419354839,0.8852459016393442
multicrop-disease-maiz,2026,holdout,common_rust,958,0.958876629889669,0.9979123173277662,0.978005115089514
multicrop-disease-maiz,2026,holdout,fall_armyworm,1627,0.9588447653429603,0.8162261831591887,0.8818061088977424
multicrop-disease-maiz,2026,holdout,lethal_necrosis,3231,0.998329853862213,0.7400185701021356,0.8499822253821543
