trial_number,trial_id,state,value,learning_rate,weight_decay,label_smoothing,batch_size,class_weights,warmup_epochs,dropout,scheduler,optimizer,best_epoch,executed_epochs,early_stopped,best_val_loss,best_train_macro_f1,train_macro_f1_at_best_val,train_val_gap,duration_seconds,datetime_start,datetime_complete,run_id,config_sha256,error
0,trial_000,COMPLETE,0.9572922254288656,8.468008575248323e-05,0.005669849511478858,0.075,16,none,1,,cosine,AdamW,44.0,52.0,True,0.4448641099133813,0.9974215723859532,0.9947451419146387,0.03745291648577309,2890.575076439,2026-09-23T13:25:36.460555,2026-09-23T14:13:47.564818,trial_000,0e6c7488549a3639ffb1d031202ecb5acae0f4b938a24af69715048efae2173c,
1,trial_001,COMPLETE,0.9482177031656066,5.670807781371427e-05,4.205156450913872e-05,0.025,64,none,1,,cosine,AdamW,49.0,57.0,True,0.23669441831886984,0.9989398858766765,0.9962611126723306,0.04804340950672403,3051.118304968,2026-09-23T14:13:48.301086,2026-09-23T15:04:40.012318,trial_001,b8a8ed5dbbfd13ff3363466181e7f97fb1409a0ae43d96111c5ab9673ee1eff8,
2,trial_002,FAIL,,1.4492412389916857e-05,0.005551721685244726,0.075,16,inverse,3,,cosine,AdamW,,,,,,,,18705.376023,2026-09-23T15:04:58.147988,2026-09-23T20:16:43.524011,trial_002,be6921972525e082629d9b35bc74e06af0379f714f1767cbe8eb35eef91ca3e8,Proceso anterior interrumpido; trial marcado FAIL al reanudar.
3,trial_003,COMPLETE,0.9359111400035606,0.0002260828676373493,8.399864445957497e-07,0.15,16,none,2,,cosine,AdamW,12.0,20.0,True,0.7454455308720178,0.9730262969116039,0.9549330292958265,0.019021889292265892,1125.946786006,2026-09-23T20:16:43.539397,2026-09-23T20:35:30.018761,trial_003,f0ad024ba34f7baf52b21333f18345ca1c3efb66bde0060649084016ec354fe6,
4,trial_004,FAIL,,4.9648810171066576e-05,5.1698794422985435e-05,0.025,32,sqrt_inverse,1,,cosine,AdamW,,,,,,,,1397.086139,2026-09-23T20:35:31.594059,2026-09-23T20:58:48.680198,trial_004,c3989d8493a7affb7392a60e4cfe2db46b1385732de88c59fbc2f1429dfdbb38,Proceso anterior interrumpido; trial marcado FAIL al reanudar.
5,trial_005,COMPLETE,0.9422869982777625,0.0013740794394697655,0.00013076473382928543,0.0,16,inverse,3,,cosine,AdamW,52.0,60.0,True,0.36042235296597325,0.9932632495565519,0.9894904532173473,0.04720345493958478,3510.2720750430003,2026-09-23T20:58:48.701428,2026-09-23T21:57:19.662671,trial_005,60dc88501c05cc1041767c4b1bb19dce7ec3cf3b367b46cd967b1e738e53f0d1,
6,trial_006,COMPLETE,0.9536286932679471,0.0001971844222061614,1.3731092468240299e-05,0.0,32,sqrt_inverse,1,,cosine,AdamW,50.0,58.0,True,0.2554637276807245,0.9997434216381349,0.9982430200761107,0.044614326808163574,3105.26846976,2026-09-23T21:57:22.420740,2026-09-23T22:49:08.353341,trial_006,4234693444b8a3bf618845e1cecce331e9cdf8f1906af898e3ba696ceb83ea21,
7,trial_007,PRUNED,0.8788271332780571,0.0020089716820180232,0.0010979988817809677,0.025,32,inverse,5,,cosine,AdamW,8.0,8.0,False,0.6745344472307246,0.8897997264887013,0.8897997264887013,0.010972593210644255,434.46710913400057,2026-09-23T22:49:30.873199,2026-09-23T22:56:45.973550,trial_007,1822438b3e37b972b3b4a54575a41358204c8ebd096ce20a3bbd96aa9b0dbc65,
8,trial_008,PRUNED,0.8002169020332746,1.0404501336028154e-05,3.578792453502323e-05,0.075,16,inverse,2,,cosine,AdamW,8.0,8.0,False,1.221817116800795,0.8259558634202505,0.8259558634202505,0.025738961386975956,488.01223910000044,2026-09-23T22:56:47.289215,2026-09-23T23:04:55.905588,trial_008,dd6780e75613a54ca22bb38614e7c1552d872fe535b5a99e483a5d947d6603b7,
9,trial_009,PRUNED,0.8837966620394688,5.0767343982976065e-05,1.529095945583036e-07,0.05,16,inverse,4,,cosine,AdamW,7.0,8.0,False,0.8564875893138056,0.9248796669936493,0.9102759164130583,0.024013990469885393,488.0991219489997,2026-09-23T23:05:21.819096,2026-09-23T23:13:30.563935,trial_009,ac79cb27ff95d78b8688a188e3dab315df4f07659303b6e598d362a3015ab482,
10,trial_010,COMPLETE,0.9542201116449669,8.147857317658701e-05,0.00014505381415853765,0.05,16,sqrt_inverse,1,,cosine,AdamW,27.0,35.0,True,0.49531592662830626,0.9926592279771891,0.9846197397630088,0.030399628118041866,2111.1400961189993,2026-09-23T23:13:32.069869,2026-09-23T23:48:43.838185,trial_010,d130da514bcdb7c1ea89a9769ba6659d7be2fb793078311905e85522ab3badcc,
11,trial_011,PRUNED,0.8937841482684514,0.0005146791283102272,8.583743499363283e-06,0.05,16,inverse,5,,cosine,AdamW,8.0,12.0,False,0.7908522021808219,0.9365367930063324,0.9204254571015955,0.0179049401362944,705.7868315960004,2026-09-23T23:49:06.720840,2026-09-24T00:00:53.125777,trial_011,dd3d1404419d382edaae12a832f90b294de3b6a7543582239e30a995351a6f47,
12,trial_012,PRUNED,0.8374019635255774,2.910267434909289e-05,0.004130233371677293,0.075,32,none,1,,cosine,AdamW,7.0,8.0,False,0.585550219783471,0.921561577184257,0.9114353871737761,0.07381152242239164,421.1406048680001,2026-09-24T00:00:54.486306,2026-09-24T00:07:56.269412,trial_012,e13af8b078a4f9bdf2f382b6e594bc63b6cf480e70c643b17d2436a54bfb3526,
13,trial_013,PRUNED,0.8873994802101619,0.00028190188004482834,0.004776426307655796,0.125,16,none,1,,cosine,AdamW,8.0,8.0,False,0.6980165216995988,0.9435559997465774,0.9435559997465774,0.05615651953641554,462.6302213650015,2026-09-24T00:08:20.696008,2026-09-24T00:16:03.945469,trial_013,a9fc8390c3836abce1fb1a39d0731173d1c733afd2fca482115f78a6e79b3277,
14,trial_014,PRUNED,0.8287912975823986,1.839512889200822e-05,8.449547413516698e-05,0.05,16,sqrt_inverse,1,,cosine,AdamW,7.0,8.0,False,0.7037983263608192,0.8962375242390307,0.8850345002592992,0.04074783487932976,467.6633781909986,2026-09-24T00:16:05.282205,2026-09-24T00:23:53.575495,trial_014,b7df0d834ba90ebbcdc88fa95ef60f52158f478d2dfdcf5c762ceb20f231c435,
15,trial_015,PRUNED,0.9181902933665413,0.0002928976876311631,0.0015986553382393777,0.025,16,sqrt_inverse,1,,cosine,AdamW,9.0,12.0,False,0.3831447726869566,0.9551920512287748,0.94701273705433,0.02356232838509109,702.8619744810003,2026-09-24T00:24:15.699941,2026-09-24T00:35:59.194953,trial_015,cb0970fc2df83f6bf456de392499a1fb690a816bcf09405f47bd7e967ef15476,
16,trial_016,PRUNED,0.8165147692417692,2.3608871075866574e-05,0.004377015410605825,0.15,16,none,3,,cosine,AdamW,7.0,8.0,False,0.8519512522634302,0.891007962025497,0.8787872071625318,0.042168848011987725,464.15394654599913,2026-09-24T00:36:00.599149,2026-09-24T00:43:45.401981,trial_016,0c24bcb615b7798d49326def0aa008c099c413714ead2e4278c55de0054a22c1,
17,trial_017,COMPLETE,0.9387529385273781,0.0004426482453919492,0.007058919813611231,0.075,32,inverse,2,,cosine,AdamW,12.0,20.0,True,0.8534290934484284,0.9688100555836711,0.9514834611544697,0.012730522627091623,1058.5778455419986,2026-09-24T00:44:07.332937,2026-09-24T01:01:46.627044,trial_017,6069dc31e0b14af30958f692f152d9ec499a234552ef6d667a5dc8a838720a0f,
18,trial_018,PRUNED,0.8683609786435911,6.687871744835785e-05,0.0019847822009772336,0.075,16,none,2,,cosine,AdamW,7.0,8.0,False,0.5364289561210042,0.9359744917448793,0.932898121300958,0.06339960749730755,463.38716035200014,2026-09-24T01:01:48.021049,2026-09-24T01:09:32.008338,trial_018,81056ed21736e572a7e0593a1688a011074bffa432c3cc993dec51ea5ac1694d,
19,trial_019,PRUNED,0.8544945017220035,3.273561217569067e-05,0.003181036048246465,0.125,64,sqrt_inverse,1,,cosine,AdamW,7.0,8.0,False,1.0677579927282057,0.9182732825846076,0.9073123668058868,0.04901973960021522,430.7939723849995,2026-09-24T01:09:56.112965,2026-09-24T01:17:07.587991,trial_019,953de13164a5c41601915fd1274675d67840d809770c825f370b495e9af700d0,
20,trial_020,PRUNED,0.8899978853785568,0.0006718623238635295,3.802180660405527e-05,0.05,16,inverse,1,,cosine,AdamW,6.0,8.0,False,0.8441504427361999,0.9238797013035777,0.9065863864583075,0.015642318452942505,470.06439062000027,2026-09-24T01:17:08.934728,2026-09-24T01:24:59.662475,trial_020,b931cadfc1a3df23b41b810dd19af3029b939a3753eabb7238e5ba10dfb38f8c,
21,trial_021,COMPLETE,0.9436068189155551,0.00017784563227803658,0.0010114339762725486,0.05,64,sqrt_inverse,2,,cosine,AdamW,11.0,19.0,True,0.5006320173349533,0.9885896448148167,0.9735545250461889,0.0299477061306338,1014.4474399319988,2026-09-24T01:25:24.750292,2026-09-24T01:42:19.937583,trial_021,16efc94013ad4e0f394b5c0cfc308ac1d6a9d05974e8530543242c9822b778da,
22,trial_022,PRUNED,0.9272786922476567,0.0002220341448277611,0.00022135095501076937,0.075,16,sqrt_inverse,4,,cosine,AdamW,12.0,12.0,False,0.6734232044332472,0.9547339528621317,0.9547339528621317,0.027455260614475008,708.0909187549987,2026-09-24T01:42:21.327267,2026-09-24T01:54:10.005593,trial_022,9680b3ab90a1422b5f87c9275757cef51a76df27f728ab0815789d6e85fef475,
23,trial_023,PRUNED,0.9003895127125426,8.949339289139348e-05,1.102838206618059e-05,0.0,32,sqrt_inverse,1,,cosine,AdamW,8.0,8.0,False,0.3483344751438682,0.9515710824692767,0.9515710824692767,0.05118156975673405,418.1061728630011,2026-09-24T01:54:35.834836,2026-09-24T02:01:34.582790,trial_023,65b3562cd9fdb415eae363d30ab758c5989d7dd6806b283f8136500f9b348b52,
24,trial_024,PRUNED,0.9044755935980814,0.000732267157809368,3.850640466697414e-06,0.1,32,sqrt_inverse,2,,cosine,AdamW,7.0,8.0,False,0.826867810628297,0.9328507348357759,0.9270765484925998,0.019265830360204794,428.2256481529985,2026-09-24T02:01:35.946471,2026-09-24T02:08:44.826141,trial_024,b3ab8e7315f1a5ae9b8e82d13aad5220a2be9d5da127ed2ce178fa6b3eb5de0f,
