seed,model,accuracy,classes_present,ece_15_bins,ensemble_selection_lock_sha256,error_rate,errors,evaluation_count,final_manifest_sha256,finished_at_utc,macro_f1,macro_precision,macro_recall,mean_confidence_correct,mean_confidence_errors,protocol,samples,weighted_f1
42,efficientnet_b0,0.8168844566712518,"['common_rust', 'fall_armyworm', 'lethal_necrosis']",0.03465889592333457,676342f1b4c3b0860d8270006e2bb8655f25e32ef5cc689730aad26b16a8dbd8,0.18311554332874827,1065,1,d36f938bdb6db7505722e5b7cf6458adc5568f3a94525884943e47eb0a8b0688,2026-10-02T19:24:28.353731+00:00,0.9173183288803907,0.9880487299149573,0.8622173178942757,0.8492141448430226,0.7167989325215559,historical_ensemble_multicrop_loso_v1,5816,0.8932350308250565
42,efficientnet_lite0,0.8069119669876204,"['common_rust', 'fall_armyworm', 'lethal_necrosis']",0.048824072058377924,676342f1b4c3b0860d8270006e2bb8655f25e32ef5cc689730aad26b16a8dbd8,0.19308803301237965,1123,1,d36f938bdb6db7505722e5b7cf6458adc5568f3a94525884943e47eb0a8b0688,2026-10-02T19:24:28.071211+00:00,0.9054897408521415,0.9671960281358106,0.8606070974011034,0.8081474959431186,0.6059787879272539,historical_ensemble_multicrop_loso_v1,5816,0.8795330304560223
42,ensemble,0.8464580467675378,"['common_rust', 'fall_armyworm', 'lethal_necrosis']",0.08440886631075092,676342f1b4c3b0860d8270006e2bb8655f25e32ef5cc689730aad26b16a8dbd8,0.15354195323246217,893,1,d36f938bdb6db7505722e5b7cf6458adc5568f3a94525884943e47eb0a8b0688,2026-10-02T19:24:28.920122+00:00,0.9300553003420053,0.987616016803636,0.8828099290024382,0.7988225438083645,0.5601804947766318,historical_ensemble_multicrop_loso_v1,5816,0.9112532762958837
42,shufflenet_v2_x1_0,0.84353507565337,"['common_rust', 'fall_armyworm', 'lethal_necrosis']",0.045709139112757174,676342f1b4c3b0860d8270006e2bb8655f25e32ef5cc689730aad26b16a8dbd8,0.15646492434662998,910,1,d36f938bdb6db7505722e5b7cf6458adc5568f3a94525884943e47eb0a8b0688,2026-10-02T19:24:28.633250+00:00,0.9130365616201179,0.9813976483236143,0.8605109052105014,0.8362617202185146,0.6294199293786353,historical_ensemble_multicrop_loso_v1,5816,0.9072365688319074
123,efficientnet_b0,0.8552269601100413,"['common_rust', 'fall_armyworm', 'lethal_necrosis']",0.05819230343239506,6325c23ab2763e2b3359c10e9d0d0246b566a5d48a755e02ed0d079fbc186e89,0.14477303988995874,842,1,d36f938bdb6db7505722e5b7cf6458adc5568f3a94525884943e47eb0a8b0688,2026-10-02T19:24:43.740229+00:00,0.9347849399268983,0.9905093083839464,0.8883765843885573,0.8572218038372404,0.7017521347824015,historical_ensemble_multicrop_loso_v1,5816,0.9175369171031063
123,efficientnet_lite0,0.8005502063273727,"['common_rust', 'fall_armyworm', 'lethal_necrosis']",0.039766542808225745,6325c23ab2763e2b3359c10e9d0d0246b566a5d48a755e02ed0d079fbc186e89,0.19944979367262725,1160,1,d36f938bdb6db7505722e5b7cf6458adc5568f3a94525884943e47eb0a8b0688,2026-10-02T19:24:43.474221+00:00,0.8969639796946209,0.9631310918619622,0.8492634573630601,0.809526668167017,0.6115090558112696,historical_ensemble_multicrop_loso_v1,5816,0.8757265815186518
123,ensemble,0.8519601100412655,"['common_rust', 'fall_armyworm', 'lethal_necrosis']",0.0963447864693903,6325c23ab2763e2b3359c10e9d0d0246b566a5d48a755e02ed0d079fbc186e89,0.14803988995873452,861,1,d36f938bdb6db7505722e5b7cf6458adc5568f3a94525884943e47eb0a8b0688,2026-10-02T19:24:44.271602+00:00,0.9315685828529962,0.9882159300154951,0.8845856482546552,0.7898010742712454,0.5588785120557548,historical_ensemble_multicrop_loso_v1,5816,0.9148625039095737
123,shufflenet_v2_x1_0,0.796079779917469,"['common_rust', 'fall_armyworm', 'lethal_necrosis']",0.038414106567222404,6325c23ab2763e2b3359c10e9d0d0246b566a5d48a755e02ed0d079fbc186e89,0.20392022008253094,1186,1,d36f938bdb6db7505722e5b7cf6458adc5568f3a94525884943e47eb0a8b0688,2026-10-02T19:24:44.006365+00:00,0.8865053162480726,0.9719706083542713,0.8250188403053124,0.8157789150176501,0.6381033071101616,historical_ensemble_multicrop_loso_v1,5816,0.8753377666019915
2026,efficientnet_b0,0.8261691884456671,"['common_rust', 'fall_armyworm', 'lethal_necrosis']",0.04086829345555462,20b395e3102a18b0ba3e54224b1a3b366e6ea507f7a05bf7db1a7de0252ce576,0.1738308115543329,1011,1,d36f938bdb6db7505722e5b7cf6458adc5568f3a94525884943e47eb0a8b0688,2026-10-02T19:25:00.007417+00:00,0.9198307646811937,0.9826157422770883,0.8702293601166234,0.8490457286137572,0.6763350856439768,historical_ensemble_multicrop_loso_v1,5816,0.8969977735929503
2026,efficientnet_lite0,0.8038170563961485,"['common_rust', 'fall_armyworm', 'lethal_necrosis']",0.049873726821646716,20b395e3102a18b0ba3e54224b1a3b366e6ea507f7a05bf7db1a7de0252ce576,0.19618294360385144,1141,1,d36f938bdb6db7505722e5b7cf6458adc5568f3a94525884943e47eb0a8b0688,2026-10-02T19:24:59.748103+00:00,0.9032644831231368,0.972017083031614,0.8513856901963633,0.8155215273598299,0.6068427205137993,historical_ensemble_multicrop_loso_v1,5816,0.8799724913414928
2026,ensemble,0.8392365887207703,"['common_rust', 'fall_armyworm', 'lethal_necrosis']",0.08651036843708734,20b395e3102a18b0ba3e54224b1a3b366e6ea507f7a05bf7db1a7de0252ce576,0.16076341127922972,935,1,d36f938bdb6db7505722e5b7cf6458adc5568f3a94525884943e47eb0a8b0688,2026-10-02T19:25:00.550792+00:00,0.9237132702792837,0.9822982824506296,0.8759341847732246,0.7908415004650703,0.5576143401032463,historical_ensemble_multicrop_loso_v1,5816,0.9050912219941606
2026,shufflenet_v2_x1_0,0.8007221458046767,"['common_rust', 'fall_armyworm', 'lethal_necrosis']",0.03876981261395112,20b395e3102a18b0ba3e54224b1a3b366e6ea507f7a05bf7db1a7de0252ce576,0.19927785419532323,1159,1,d36f938bdb6db7505722e5b7cf6458adc5568f3a94525884943e47eb0a8b0688,2026-10-02T19:25:00.267701+00:00,0.8880094137390578,0.9731116166884629,0.8258718881234839,0.8062994247064432,0.6110720270995542,historical_ensemble_multicrop_loso_v1,5816,0.8781999298226717
