seed,model,class,precision,recall,f1,support
42,efficientnet_b0,common_rust,0.980532786885246,0.9989561586638832,0.9896587383660806,958
42,efficientnet_b0,fall_armyworm,0.9840232389251996,0.832821143208359,0.9021304926764314,1627
42,efficientnet_b0,lethal_necrosis,0.9995901639344262,0.754874651810585,0.8601657555986598,3231
42,efficientnet_lite0,common_rust,0.9475247524752476,0.9989561586638832,0.972560975609756,958
42,efficientnet_lite0,fall_armyworm,0.9549180327868853,0.8592501536570375,0.9045616305402784,1627
42,efficientnet_lite0,lethal_necrosis,0.9991452991452991,0.7236149798823893,0.8393466164063902,3231
42,ensemble,common_rust,0.9876160990712074,0.9989561586638832,0.9932537623248572,958
42,ensemble,fall_armyworm,0.9760056457304164,0.8500307314074985,0.9086727989487516,1627
42,ensemble,lethal_necrosis,0.9992263056092844,0.7994428969359332,0.8882393397524071,3231
42,shufflenet_v2_x1_0,common_rust,0.9715736040609138,0.9989561586638832,0.9850746268656716,958
42,shufflenet_v2_x1_0,fall_armyworm,0.9744224422442244,0.7258758451137062,0.8319830926382529,1627
42,shufflenet_v2_x1_0,lethal_necrosis,0.998196898665705,0.8567007118539152,0.9220519653564292,3231
123,efficientnet_b0,common_rust,0.9917098445595854,0.9989561586638832,0.9953198127925116,958
123,efficientnet_b0,fall_armyworm,0.9801980198019802,0.8518746158574063,0.9115422558368956,1627
123,efficientnet_b0,lethal_necrosis,0.9996200607902735,0.8142989786443825,0.8974927511512877,3231
123,efficientnet_lite0,common_rust,0.9273255813953488,0.9989561586638832,0.9618090452261306,958
123,efficientnet_lite0,fall_armyworm,0.9629090909090908,0.8137676705593117,0.8820786142571619,1627
123,efficientnet_lite0,lethal_necrosis,0.9991586032814472,0.7350665428659857,0.8470042796005706,3231
123,ensemble,common_rust,0.9896587383660806,0.9989561586638832,0.9942857142857144,958
123,ensemble,fall_armyworm,0.9757489300998572,0.8408113091579594,0.9032684054143282,1627
123,ensemble,lethal_necrosis,0.9992401215805472,0.8139894769421232,0.897151628858946,3231
123,shufflenet_v2_x1_0,common_rust,0.9550898203592816,0.9989561586638832,0.976530612244898,958
123,shufflenet_v2_x1_0,fall_armyworm,0.9627705627705628,0.6834665027658267,0.7994248741912293,1627
123,shufflenet_v2_x1_0,lethal_necrosis,0.9980514419329696,0.7926338594862272,0.8835604623080904,3231
2026,efficientnet_b0,common_rust,0.980532786885246,0.9989561586638832,0.9896587383660806,958
2026,efficientnet_b0,fall_armyworm,0.967719298245614,0.8475722188076213,0.9036697247706422,1627
2026,efficientnet_b0,lethal_necrosis,0.9995951417004048,0.7641597028783659,0.8661638309068584,3231
2026,efficientnet_lite0,common_rust,0.958876629889669,0.9979123173277662,0.978005115089514,958
2026,efficientnet_lite0,fall_armyworm,0.9588447653429604,0.8162261831591887,0.8818061088977424,1627
2026,efficientnet_lite0,lethal_necrosis,0.998329853862213,0.7400185701021356,0.8499822253821543,3231
2026,ensemble,common_rust,0.98659793814433,0.9989561586638832,0.9927385892116184,958
2026,ensemble,fall_armyworm,0.9610757254069356,0.8346650276582668,0.8934210526315789,1627
2026,ensemble,lethal_necrosis,0.9992211838006232,0.794181367997524,0.8849801689946543,3231
2026,shufflenet_v2_x1_0,common_rust,0.9696048632218844,0.9989561586638832,0.9840616966580976,958
2026,shufflenet_v2_x1_0,fall_armyworm,0.9512619669277632,0.6717885679164106,0.787463976945245,1627
2026,shufflenet_v2_x1_0,lethal_necrosis,0.9984680199157412,0.8068709377901578,0.8925025676138308,3231
