label,image_path,source_id,mask_source,correct,leaf_attribution_ratio,mask_coverage,mask_fragmentation,mask_rejected,ratio_undefined,abs_attribution,dispersion,attribution_excess
common_rust,clean/common_rust/lab/common_rust_maize_desease_lab_14630656.jpg,maize_desease,segmentador,True,0.853473193361881,0.6648596938775511,0.0,False,False,0.288305764346427,0.2994531387205901,0.18861349948432993
common_rust,clean/common_rust/lab/common_rust_multi_desease_lab_44101138.jpg,multi_desease,segmentador,True,0.8262270955364147,0.6988002232142857,8.55602772152908e-05,False,False,0.27815168042242205,0.29682566388582576,0.12742687232212901
common_rust,clean/common_rust/lab/common_rust_maize_desease_lab_59010384.jpg,maize_desease,segmentador,True,0.9291549616912211,0.8167051977040817,0.00019522194294641082,False,False,0.3631890304252408,0.3402403594174039,0.11244976398713946
common_rust,clean/common_rust/lab/common_rust_multi_desease_lab_55991421.jpg,multi_desease,segmentador,True,0.8411156936218326,0.8816964285714286,0.0,False,False,0.19166300267670744,0.24210454532804324,-0.04058073494959602
common_rust,clean/common_rust/lab/common_rust_multi_desease_lab_72311216.jpg,multi_desease,segmentador,True,0.8813415006821524,0.7762675382653061,2.5673940949988427e-05,False,False,0.4352131215513879,0.3245263308670019,0.1050739624168463
common_rust,clean/common_rust/lab/common_rust_multi_desease_lab_20462160.jpg,multi_desease,segmentador,True,0.8587450080425103,0.5721859056122449,0.00031347962382444194,False,False,0.2364882376457507,0.2590987926838565,0.2865591024302654
common_rust,clean/common_rust/lab/common_rust_maize_desease_lab_13336594.jpg,maize_desease,segmentador,True,0.9398232086827426,0.8386280293367347,0.00028517787970250286,False,False,0.3417627287001328,0.3403370356373176,0.10119517934600786
common_rust,clean/common_rust/lab/common_rust_multi_desease_lab_55590379.jpg,multi_desease,segmentador,True,0.9148053620490234,0.6645408163265306,0.0002999040307101186,False,False,0.27149257448047165,0.28001369923176533,0.2502645457224928
common_rust,clean/common_rust/lab/common_rust_multi_desease_lab_68976014.jpg,multi_desease,segmentador,True,0.8717227222653594,0.5617825255102041,3.54760891159156e-05,False,False,0.29475614235520864,0.29743908940547975,0.3099401967551553
common_rust,clean/common_rust/lab/common_rust_maize_desease_lab_51484536.jpg,maize_desease,segmentador,True,0.907019860037667,0.7150031887755102,2.7873787490251267e-05,False,False,0.30738152848356015,0.34236541135292897,0.19201667126215682
common_rust,clean/common_rust/lab/common_rust_maize_desease_lab_86710468.jpg,maize_desease,segmentador,True,0.9623523046629648,0.8779496173469388,2.270044492869161e-05,False,False,0.33307797565424074,0.356780572789384,0.08440268731602607
common_rust,clean/common_rust/lab/common_rust_maize_desease_lab_61340477.jpg,maize_desease,segmentador,True,0.833048084238516,0.5832669005102041,0.0,False,False,0.2501534221166759,0.3044974190673792,0.24978118372831182
common_rust,clean/common_rust/real/common_rust_maize_field_real_73258109.jpg,maize_field,segmentador,False,0.43013581160413417,0.555305325255102,0.0005024584574525592,False,False,0.25550139892143586,0.2595724088772043,-0.12516951365096785
common_rust,clean/common_rust/lab/common_rust_maize_desease_lab_85939866.jpg,maize_desease,segmentador,True,0.8289522511433589,0.5908801020408163,0.00010118726389640731,False,False,0.31217538918595106,0.30620349674538017,0.2380721491025426
common_rust,clean/common_rust/lab/common_rust_multi_desease_lab_76532561.jpg,multi_desease,segmentador,True,0.8992762195158313,0.7101801658163265,0.00025256777235227457,False,False,0.25217189789176964,0.2789954902449201,0.18909605369950477
common_rust,clean/common_rust/lab/common_rust_multi_desease_lab_19171854.jpg,multi_desease,segmentador,True,0.9166558169122264,0.7470703125,0.0,False,False,0.3432116750452813,0.29860625626553633,0.16958550441222642
common_rust,clean/common_rust/lab/common_rust_maize_desease_lab_98009844.jpg,maize_desease,segmentador,True,0.8919710111410126,0.767219387755102,0.0,False,False,0.3258832925313588,0.3069395868575744,0.12475162338591061
common_rust,clean/common_rust/lab/common_rust_maize_desease_lab_81560813.jpg,maize_desease,segmentador,True,0.9448427241073202,0.6250199298469388,0.004017729026497885,False,False,0.32785234702518457,0.31866053733820005,0.3198227942603814
common_rust,clean/common_rust/lab/common_rust_maize_desease_lab_74896814.jpg,maize_desease,segmentador,True,0.8976712180242917,0.6422791772959183,0.0,False,False,0.176870340765736,0.24914999974049348,0.2553920407283734
common_rust,clean/common_rust/lab/common_rust_multi_desease_lab_29205485.jpg,multi_desease,segmentador,True,0.936388673108012,0.7055564413265306,0.00014123495847695455,False,False,0.2442983290296477,0.25465544334778273,0.23083223178148138
common_rust,clean/common_rust/lab/common_rust_maize_desease_lab_15375591.jpg,maize_desease,segmentador,True,0.8413567434813518,0.7434430803571429,8.042248612716296e-05,False,False,0.3417974275190536,0.40289723916843095,0.0979136631242089
common_rust,clean/common_rust/lab/common_rust_multi_desease_lab_63710365.jpg,multi_desease,segmentador,True,0.9369062038081171,0.6060267857142857,0.0,False,False,0.24007549818472784,0.3098998941498545,0.33087941809383137
common_rust,clean/common_rust/lab/common_rust_multi_desease_lab_53793717.jpg,multi_desease,segmentador,True,0.9532820422945592,0.7621173469387755,7.845188284516524e-05,False,False,0.2330985711122732,0.2666722658312141,0.19116469535578362
common_rust,clean/common_rust/lab/common_rust_multi_desease_lab_27184458.jpg,multi_desease,segmentador,True,0.9523018521130352,0.6467235331632653,0.0,False,False,0.3126426784368047,0.3461048852244286,0.30557831894976994
common_rust,clean/common_rust/lab/common_rust_maize_desease_lab_14143463.jpg,maize_desease,segmentador,True,0.9182848751324358,0.7773836096938775,0.0,False,False,0.2388945467370271,0.24825496719981413,0.1409012654385583
common_rust,clean/common_rust/lab/common_rust_maize_desease_lab_10415553.jpg,maize_desease,segmentador,True,0.8832716474647159,0.7699497767857143,0.0,False,False,0.3944715467480579,0.3382024334337138,0.11332187067900157
common_rust,clean/common_rust/lab/common_rust_maize_desease_lab_76826629.jpg,maize_desease,segmentador,True,0.9166494055015589,0.5450215242346939,0.00040223790543747473,False,False,0.23777588591156185,0.2513327012068234,0.3716278812668651
common_rust,clean/common_rust/lab/common_rust_maize_desease_lab_80523675.jpg,maize_desease,segmentador,True,0.9210776295998025,0.847038424744898,0.0,False,False,0.32154039190683226,0.3150121626621942,0.07403920485490456
common_rust,clean/common_rust/lab/common_rust_multi_desease_lab_36312533.jpg,multi_desease,segmentador,True,0.8912451128806598,0.5891860650510204,0.0,False,False,0.22162071730947347,0.27972400793962643,0.3020590478296393
common_rust,clean/common_rust/lab/common_rust_maize_desease_lab_96416086.jpg,maize_desease,segmentador,True,0.8574322269494278,0.6736288265306123,5.9171597633134176e-05,False,False,0.3129757467614503,0.27515666295005453,0.1838034004188155
fall_armyworm,clean/fall_armyworm/real/fall_armyworm_maize_africa_real_14010261.jpg,maize_africa,segmentador,True,0.9592549879842752,0.9372409119897959,0.0,False,False,0.2550173130133633,0.23167591632239834,0.022014075994479354
fall_armyworm,clean/fall_armyworm/real/fall_armyworm_maize_africa_real_57469808.jpg,maize_africa,segmentador,True,,0.9999202806122449,0.0,True,False,0.2075829909924259,0.21788551709201254,
fall_armyworm,clean/fall_armyworm/real/fall_armyworm_multi_desease_real_53033260.jpg,multi_desease,segmentador,True,,1.0,0.0,True,False,0.2370439631738271,0.22881684727055313,
fall_armyworm,clean/fall_armyworm/real/fall_armyworm_maize_africa_real_61451447.jpg,maize_africa,segmentador,True,,0.9910714285714286,0.0,True,False,0.3260493764146665,0.2430296963750242,
fall_armyworm,clean/fall_armyworm/real/fall_armyworm_multi_desease_real_85348892.jpg,multi_desease,segmentador,True,0.9095022399645946,0.8236407844387755,0.0,False,False,0.16046971351375136,0.1781989465108128,0.08586145552581903
fall_armyworm,clean/fall_armyworm/real/fall_armyworm_maize_africa_real_49752303.jpg,maize_africa,segmentador,True,,1.0,0.0,True,False,0.27447250181666705,0.24969174149459084,
fall_armyworm,clean/fall_armyworm/real/fall_armyworm_multi_desease_real_71590500.jpg,multi_desease,segmentador,True,0.8343256599325247,0.7091238839285714,0.0,False,False,0.14212334867104978,0.18568589356708265,0.12520177600395332
fall_armyworm,clean/fall_armyworm/real/fall_armyworm_multi_desease_real_31033481.jpg,multi_desease,segmentador,True,,0.9809271364795918,0.0,True,False,0.2496939288874816,0.19691942222947312,
fall_armyworm,clean/fall_armyworm/real/fall_armyworm_maize_africa_real_94014583.jpg,maize_africa,segmentador,True,,1.0,0.0,True,False,0.14262655985174014,0.1917567375731129,
fall_armyworm,clean/fall_armyworm/real/fall_armyworm_multi_desease_real_58888776.jpg,multi_desease,segmentador,True,,0.9998604910714286,0.0,True,False,0.3005439242465876,0.24303806376401865,
fall_armyworm,clean/fall_armyworm/real/fall_armyworm_maize_africa_real_15500711.jpg,maize_africa,segmentador,True,,0.9976084183673469,7.991050023969937e-05,True,False,0.13025062129714474,0.19453214395230545,
fall_armyworm,clean/fall_armyworm/real/fall_armyworm_maize_africa_real_51129265.jpg,maize_africa,segmentador,True,,1.0,0.0,True,False,0.24291196891167902,0.2814981604144219,
fall_armyworm,clean/fall_armyworm/real/fall_armyworm_multi_desease_real_78559798.jpg,multi_desease,segmentador,True,0.150467926718706,0.09044164540816327,0.0,False,False,0.30281923805571737,0.28050154888872125,0.060026281310542745
fall_armyworm,clean/fall_armyworm/real/fall_armyworm_multi_desease_real_30963668.jpg,multi_desease,segmentador,True,,0.9806680484693877,0.0,True,False,0.28840281176456944,0.24452310632301452,
fall_armyworm,clean/fall_armyworm/real/fall_armyworm_multi_desease_real_21699053.jpg,multi_desease,segmentador,True,,0.9998604910714286,0.0,True,False,0.29255043652691487,0.19221143301943105,
fall_armyworm,clean/fall_armyworm/real/fall_armyworm_multi_desease_real_17826770.jpg,multi_desease,segmentador,True,,1.0,0.0,True,False,0.2362933370629136,0.22882777622320208,
fall_armyworm,clean/fall_armyworm/real/fall_armyworm_maize_africa_real_64100987.jpg,maize_africa,segmentador,True,,1.0,0.0,True,False,0.28802054177139624,0.3158775198896653,
fall_armyworm,clean/fall_armyworm/real/fall_armyworm_maize_africa_real_74322740.jpg,maize_africa,segmentador,True,0.3132226474533732,0.30179767219387754,0.021065839001518816,False,False,0.38275545120777305,0.31251410636052274,0.011424975259495651
fall_armyworm,clean/fall_armyworm/real/fall_armyworm_multi_desease_real_65208939.jpg,multi_desease,segmentador,True,0.5788385120044799,0.5348772321428571,0.0,False,False,0.230191510150246,0.22319625266693868,0.04396127986162279
fall_armyworm,clean/fall_armyworm/real/fall_armyworm_maize_africa_real_55500255.jpg,maize_africa,segmentador,True,,1.0,0.0,True,False,0.3717992848660901,0.2988819041554872,
fall_armyworm,clean/fall_armyworm/real/fall_armyworm_maize_africa_real_15416097.jpg,maize_africa,segmentador,True,0.38971547110965676,0.18225845025510204,0.0,False,False,0.25070822104180246,0.2844252973765313,0.20745702085455472
fall_armyworm,clean/fall_armyworm/real/fall_armyworm_multi_desease_real_56807896.jpg,multi_desease,segmentador,True,,1.0,0.0,True,False,0.2875083020884095,0.2618715014933249,
fall_armyworm,clean/fall_armyworm/real/fall_armyworm_maize_africa_real_43854722.jpg,maize_africa,segmentador,True,0.797905568524212,0.6611726721938775,0.001597588545591555,False,False,0.1378551144397038,0.1879588852617159,0.13673289633033447
fall_armyworm,clean/fall_armyworm/real/fall_armyworm_corn_leaf_roboflow_real_15904911.jpg,corn_leaf_roboflow,segmentador,True,0.25110761012545924,0.271663743622449,0.0,False,False,0.41685460815912734,0.2935820951560915,-0.02055613349698976
fall_armyworm,clean/fall_armyworm/real/fall_armyworm_maize_africa_real_23926103.jpg,maize_africa,segmentador,True,0.5183026215900474,0.39530851403061223,0.0,False,False,0.2582540138677832,0.2784594012317881,0.12299410755943513
fall_armyworm,clean/fall_armyworm/real/fall_armyworm_maize_africa_real_33813007.jpg,maize_africa,segmentador,True,0.9496702124008869,0.9387356505102041,0.0,False,False,0.37787953474212044,0.26750444716840277,0.010934561890682759
fall_armyworm,clean/fall_armyworm/real/fall_armyworm_multi_desease_real_27682795.jpg,multi_desease,segmentador,True,0.601489800116639,0.6390704719387755,0.0,False,False,0.3674402921845861,0.33507330428227294,-0.037580671822136535
fall_armyworm,clean/fall_armyworm/real/fall_armyworm_multi_desease_real_27220744.jpg,multi_desease,segmentador,True,,1.0,0.0,True,False,0.29789460966449566,0.20420413189351194,
fall_armyworm,clean/fall_armyworm/real/fall_armyworm_multi_desease_real_48555670.jpg,multi_desease,segmentador,True,0.5543722977747508,0.5998684630102041,0.008372371175122129,False,False,0.13675580671367266,0.16763906745263515,-0.0454961652354533
fall_armyworm,clean/fall_armyworm/real/fall_armyworm_multi_desease_real_66894046.jpg,multi_desease,segmentador,True,,1.0,0.0,True,False,0.3012222498461696,0.2789048858145304,
gray_leaf_spot,clean/gray_leaf_spot/real/gray_leaf_spot_corn_leaf_diseases_classification_roboflow_real_6d7d472a.jpg,corn_leaf_diseases_classification_roboflow,segmentador,True,0.6585624527508154,0.3972018494897959,0.0,False,False,0.2282593667378028,0.30749854550506867,0.26136060326101945
gray_leaf_spot,clean/gray_leaf_spot/lab/gray_leaf_spot_cropdg_lab_18370590.jpg,cropdg,segmentador,True,0.5696174085656075,0.8186981823979592,0.0,False,False,0.2809554104589733,0.29801097432076246,-0.24908077383235172
gray_leaf_spot,clean/gray_leaf_spot/lab/gray_leaf_spot_cropdg_lab_50967144.jpg,cropdg,segmentador,True,0.6750136559631664,0.9362244897959183,0.0,False,False,0.15896202675620286,0.24381059152807544,-0.2612108338327519
gray_leaf_spot,clean/gray_leaf_spot/lab/gray_leaf_spot_cropdg_lab_63235089.jpg,cropdg,segmentador,True,,0.9656808035714286,0.0,True,False,0.19402262183835015,0.21743617423507988,
gray_leaf_spot,clean/gray_leaf_spot/lab/gray_leaf_spot_cropdg_lab_75924418.jpg,cropdg,segmentador,True,0.7563569209285356,0.7190888073979592,0.0,False,False,0.30826104939136845,0.2808949847794728,0.03726811353057635
gray_leaf_spot,clean/gray_leaf_spot/real/gray_leaf_spot_corn_leaf_diseases_classification_roboflow_real_31b39a0f.jpg,corn_leaf_diseases_classification_roboflow,segmentador,True,0.6361361213368807,0.5618622448979592,0.0,False,False,0.3317767822671653,0.2221706640973085,0.07427387643892147
gray_leaf_spot,clean/gray_leaf_spot/real/gray_leaf_spot_maize_leaf_roboflow_real_b62efb06.jpg,maize_leaf_roboflow,segmentador,True,0.48774212149247004,0.2610012755102041,0.0,False,False,0.1958903555540941,0.20616035618692305,0.22674084598226596
gray_leaf_spot,clean/gray_leaf_spot/real/gray_leaf_spot_maize_field_real_89746954.jpg,maize_field,segmentador,False,0.3778426552331371,0.34275350765306123,0.0,False,False,0.30879098728956,0.2674246219344331,0.03508914758007586
gray_leaf_spot,clean/gray_leaf_spot/lab/gray_leaf_spot_cropdg_lab_32371656.jpg,cropdg,segmentador,True,0.7685444314051837,0.8270886479591837,0.0,False,False,0.42965946118910847,0.2838824122540261,-0.058544216553999995
gray_leaf_spot,clean/gray_leaf_spot/lab/gray_leaf_spot_cropdg_lab_22242732.jpg,cropdg,segmentador,True,0.8348913468487087,0.8917012117346939,0.0012069196727906295,False,False,0.2872676534177643,0.2749894015552768,-0.05680986488598516
gray_leaf_spot,clean/gray_leaf_spot/lab/gray_leaf_spot_cropdg_lab_43583916.jpg,cropdg,segmentador,True,0.49590890788016634,0.6416812818877551,0.0,False,False,0.322794439931117,0.25492329093903277,-0.14577237400758875
gray_leaf_spot,clean/gray_leaf_spot/lab/gray_leaf_spot_cropdg_lab_10400875.jpg,cropdg,segmentador,True,0.5936614253590689,0.8045878507653061,0.0,False,False,0.24294295558399553,0.25620711114548295,-0.2109264254062373
gray_leaf_spot,clean/gray_leaf_spot/real/gray_leaf_spot_maize_field_real_60033027.jpg,maize_field,segmentador,True,0.4137915015776497,0.4569714604591837,0.0,False,False,0.4664724495438451,0.2622481253716196,-0.043179958881533975
gray_leaf_spot,clean/gray_leaf_spot/real/gray_leaf_spot_maize_leaf_roboflow_real_9fc2e30f.jpg,maize_leaf_roboflow,segmentador,True,0.3963151189844718,0.5620814732142857,0.0,False,False,0.27461776158322054,0.17895348479674952,-0.1657663542298139
gray_leaf_spot,clean/gray_leaf_spot/real/gray_leaf_spot_corn_leaf_diseases_classification_roboflow_real_4de285ff.jpg,corn_leaf_diseases_classification_roboflow,segmentador,True,0.48073095832480317,0.4190648915816326,0.0,False,False,0.5015345688156335,0.28909949465638374,0.061666066743170544
gray_leaf_spot,clean/gray_leaf_spot/real/gray_leaf_spot_maize_field_real_45878764.jpg,maize_field,segmentador,True,0.38201943432760704,0.2528499681122449,0.0,False,False,0.2854738062895881,0.2976921168154923,0.12916946621536213
gray_leaf_spot,clean/gray_leaf_spot/real/gray_leaf_spot_maize_field_real_69540389.jpg,maize_field,segmentador,False,0.48294571305667156,0.3889907525510204,0.0,False,False,0.15435791896572906,0.20021568442235707,0.09395496050565116
gray_leaf_spot,clean/gray_leaf_spot/lab/gray_leaf_spot_cropdg_lab_34222715.jpg,cropdg,segmentador,True,0.8098820675898821,0.8411391900510204,0.0,False,False,0.37775957688666306,0.2633710855937248,-0.03125712246113832
gray_leaf_spot,clean/gray_leaf_spot/real/gray_leaf_spot_corn_leaf_diseases_classification_roboflow_real_826b49f5.jpg,corn_leaf_diseases_classification_roboflow,segmentador,True,0.447363002083696,0.6577646683673469,0.0,False,False,0.2651405670265977,0.2783198036399831,-0.21040166628365092
gray_leaf_spot,clean/gray_leaf_spot/lab/gray_leaf_spot_cropdg_lab_14588913.jpg,cropdg,segmentador,True,0.6580308919532311,0.8551897321428571,0.0,False,False,0.24216195072578084,0.23984794594030573,-0.19715884018962604
gray_leaf_spot,clean/gray_leaf_spot/lab/gray_leaf_spot_cropdg_lab_23226602.jpg,cropdg,segmentador,True,0.626700470117054,0.6440728635204082,0.016802302193891783,False,False,0.30776755502839204,0.292776164984208,-0.01737239340335417
gray_leaf_spot,clean/gray_leaf_spot/real/gray_leaf_spot_maize_field_real_13749986.jpg,maize_field,segmentador,False,0.42559669881192164,0.40017139668367346,0.0,False,False,0.16986171138813064,0.19779642322435143,0.025425302128248173
gray_leaf_spot,clean/gray_leaf_spot/lab/gray_leaf_spot_cropdg_lab_57136107.jpg,cropdg,segmentador,False,0.6243960726499775,0.6137396364795918,0.0,False,False,0.3090765479875581,0.3271124344575083,0.010656436170385697
gray_leaf_spot,clean/gray_leaf_spot/real/gray_leaf_spot_maize_leaf_roboflow_real_47ab36e8.jpg,maize_leaf_roboflow,segmentador,True,0.6498745890598295,0.44009088010204084,0.0,False,False,0.31437469810152957,0.2694660717980261,0.2097837089577887
gray_leaf_spot,clean/gray_leaf_spot/real/gray_leaf_spot_corn_leaf_diseases_classification_roboflow_real_68134544.jpg,corn_leaf_diseases_classification_roboflow,segmentador,True,0.5406940767513937,0.6342474489795918,0.0,False,False,0.3437022955357664,0.27781632249954225,-0.09355337222819815
gray_leaf_spot,clean/gray_leaf_spot/lab/gray_leaf_spot_cropdg_lab_94725232.jpg,cropdg,segmentador,True,,0.9670758928571429,0.0,True,False,0.2709659776335863,0.22265625619860405,
gray_leaf_spot,clean/gray_leaf_spot/real/gray_leaf_spot_corn_leaf_diseases_classification_roboflow_real_aa9b3d4e.jpg,corn_leaf_diseases_classification_roboflow,segmentador,True,0.5179394306583855,0.5762914540816326,0.0,False,False,0.4078931564792188,0.24516800139171135,-0.05835202342324708
gray_leaf_spot,clean/gray_leaf_spot/real/gray_leaf_spot_maize_field_real_12542502.jpg,maize_field,segmentador,True,0.6124422969396961,0.6261957908163265,0.0,False,False,0.411831619731186,0.2607694109751246,-0.013753493876630385
gray_leaf_spot,clean/gray_leaf_spot/real/gray_leaf_spot_corn_leaf_diseases_classification_roboflow_real_f11c21d7.jpg,corn_leaf_diseases_classification_roboflow,segmentador,True,0.40312314275564737,0.22458944515306123,0.0,False,False,0.2151159605419235,0.30328527604568867,0.17853369760258614
gray_leaf_spot,clean/gray_leaf_spot/real/gray_leaf_spot_corn_leaf_diseases_classification_roboflow_real_4bfe9e09.jpg,corn_leaf_diseases_classification_roboflow,segmentador,True,0.26656940944548746,0.6222895408163265,0.0,False,False,0.2610592249881092,0.27404308575392,-0.355720131370839
healthy,clean/healthy/real/healthy_maize_desease_v1.1_real_2879.jpg,maize_desease_v1.1,segmentador,True,0.09721664038563603,0.297672193877551,0.0,False,False,0.37044906907649117,0.26680135921733883,-0.20045555349191496
healthy,clean/healthy/real/healthy_cropdg_real_252.jpg,cropdg,segmentador,True,,0.9955157844387755,0.0,True,False,0.3293590222197729,0.2855932257280294,
healthy,clean/healthy/real/healthy_maize_desease_v1.1_real_3099.jpg,maize_desease_v1.1,segmentador,True,0.7069344069558624,0.5703324298469388,0.0,False,False,0.34359210727773803,0.3056298663230627,0.13660197710892363
healthy,clean/healthy/real/healthy_maize_africa_v1.2_real_540.jpg,maize_africa_v1.2,segmentador,True,0.522308002272891,0.4907924107142857,0.0,False,False,0.38892517925126996,0.31185055745936363,0.03151559155860528
healthy,clean/healthy/real/healthy_maize_desease_v1.1_real_3579.jpg,maize_desease_v1.1,segmentador,True,0.6393721737602346,0.7224968112244898,0.0,False,False,0.2751422996874558,0.24173127904357822,-0.08312463746425525
healthy,clean/healthy/real/healthy_maize_africa_v1.2_real_704.jpg,maize_africa_v1.2,segmentador,True,,1.0,0.0,True,False,0.22083339997882329,0.278190379106838,
healthy,clean/healthy/real/healthy_cropdg_real_1126.jpg,cropdg,segmentador,True,,0.9936623086734694,0.0,True,False,0.26375099673616015,0.24138338650964888,
healthy,clean/healthy/real/healthy_maize_africa_v1_real_420.jpg,maize_africa_v1,segmentador,True,0.8355482249887254,0.7455357142857143,0.0,False,False,0.26740835050042006,0.2524903551288321,0.09001251070301108
healthy,clean/healthy/real/healthy_maize_desease_v1.1_real_1842.jpg,maize_desease_v1.1,segmentador,True,0.6060198897039537,0.6850087691326531,0.0,False,False,0.3020577726503748,0.2724600094857439,-0.07898887942869937
healthy,clean/healthy/real/healthy_maize_africa_v1.2_real_757.jpg,maize_africa_v1.2,segmentador,True,0.3538966398174329,0.20308514030612246,0.0,False,False,0.3508898085023174,0.3156353120036356,0.15081149951131045
healthy,clean/healthy/real/healthy_maize_desease_v1.1_real_2346.jpg,maize_desease_v1.1,segmentador,True,0.42631866086462,0.45878507653061223,0.0,False,False,0.4466023440550998,0.37321887180480556,-0.03246641566599223
healthy,clean/healthy/real/healthy_corn_leaf_roboflow_real_26812148.jpg,corn_leaf_roboflow,segmentador,True,0.27008737929495724,0.27379623724489793,0.0,False,False,0.3936478359047219,0.2943242983361252,-0.0037088579499406915
healthy,clean/healthy/real/healthy_maize_africa_v1_real_141.jpg,maize_africa_v1,segmentador,True,0.36070357893779204,0.4481823979591837,0.0,False,False,0.35817524382252697,0.31682401914534175,-0.08747881902139165
healthy,clean/healthy/real/healthy_corn_leaf_roboflow_real_39067215.jpg,corn_leaf_roboflow,segmentador,True,0.7247515476567636,0.31114477040816324,0.0,False,False,0.13840103702216983,0.2137080080460821,0.4136067772486004
healthy,clean/healthy/real/healthy_maize_desease_v1.1_real_662.jpg,maize_desease_v1.1,segmentador,True,0.38170550359013583,0.38010204081632654,0.0,False,False,0.25009959926715153,0.25182874262643057,0.0016034627738092944
healthy,clean/healthy/real/healthy_maize_desease_v1.1_real_4400.jpg,maize_desease_v1.1,segmentador,True,0.47019811916081117,0.4302256058673469,0.00037059341270206936,False,False,0.5186544197771469,0.3419320733016052,0.03997251329346424
healthy,clean/healthy/real/healthy_corn_leaf_roboflow_real_89381115.jpg,corn_leaf_roboflow,segmentador,True,0.41676780397896324,0.4758848852040816,0.0,False,False,0.4189547504882997,0.3514876195527885,-0.059117081225118384
healthy,clean/healthy/real/healthy_maize_desease_v1.1_real_416.jpg,maize_desease_v1.1,segmentador,True,0.8370350099991767,0.7608617665816326,0.0,False,False,0.40232218772432476,0.3356293489517427,0.07617324341754406
healthy,clean/healthy/real/healthy_maize_desease_v1.1_real_2376.jpg,maize_desease_v1.1,segmentador,True,0.6583513828305196,0.6826769770408163,0.0,False,False,0.34697193682337,0.2918803723566298,-0.024325594210296675
healthy,clean/healthy/real/healthy_maize_desease_v1.1_real_3190.jpg,maize_desease_v1.1,segmentador,True,0.7216943839715745,0.7215202487244898,0.0,False,False,0.4048253635446154,0.3242252913336462,0.00017413524708465022
healthy,clean/healthy/real/healthy_maize_desease_v1.1_real_2034.jpg,maize_desease_v1.1,segmentador,True,0.46021217161768685,0.5189532844387755,0.0,False,False,0.2796670759440281,0.20419149234656472,-0.05874111282108868
healthy,clean/healthy/real/healthy_maize_desease_v1.1_real_5144.jpg,maize_desease_v1.1,segmentador,True,0.47145981248991137,0.5226203762755102,0.0,False,False,0.3957578233686292,0.30468503141415,-0.0511605637855988
healthy,clean/healthy/real/healthy_maize_desease_v1.1_real_4883.jpg,maize_desease_v1.1,segmentador,True,0.5654929838581296,0.5743781887755102,0.0028105482303955043,False,False,0.2940107190042168,0.2807899829367152,-0.00888520491738054
healthy,clean/healthy/real/healthy_maize_desease_v1.1_real_394.jpg,maize_desease_v1.1,segmentador,True,0.7107001486529264,0.6994778380102041,0.0,False,False,0.3156719827908134,0.263380049713148,0.011222310642722277
healthy,clean/healthy/real/healthy_maize_africa_v1.2_real_470.jpg,maize_africa_v1.2,segmentador,True,0.5904220879711063,0.5497050382653061,0.0,False,False,0.15964708896513644,0.23164740456422706,0.040717049705800146
healthy,clean/healthy/real/healthy_maize_desease_v1.1_real_759.jpg,maize_desease_v1.1,segmentador,True,0.7277351588417537,0.7893614477040817,0.0,False,False,0.261703733483279,0.24091200392481632,-0.061626288862328016
healthy,clean/healthy/real/healthy_maize_desease_v1.1_real_3794.jpg,maize_desease_v1.1,segmentador,True,0.3908107603371683,0.4598014987244898,0.0,False,False,0.3184693256431567,0.2726950822390902,-0.0689907383873215
healthy,clean/healthy/real/healthy_maize_desease_v1.1_real_3982.jpg,maize_desease_v1.1,segmentador,True,0.2997041159275729,0.3475765306122449,0.0,False,False,0.33647633134822,0.23590845592637982,-0.047872414684672016
healthy,clean/healthy/real/healthy_maize_desease_v1.1_real_3434.jpg,maize_desease_v1.1,segmentador,True,0.6883078020134658,0.6159518494897959,0.0,False,False,0.2571748488299181,0.29029257067905256,0.07235595252366989
healthy,clean/healthy/real/healthy_maize_desease_v1.1_real_917.jpg,maize_desease_v1.1,segmentador,True,0.5989201666050171,0.6268734056122449,0.0,False,False,0.4332944816916654,0.3121800040069381,-0.027953239007227793
lethal_necrosis,clean/lethal_necrosis/real/lethal_necrosis_maize_africa_real_52706321.jpg,maize_africa,segmentador,True,0.6278043273604209,0.7315051020408163,0.0,False,False,0.39998446994854786,0.2629721760629589,-0.1037007746803954
lethal_necrosis,clean/lethal_necrosis/real/lethal_necrosis_multi_desease_real_60548039.jpeg,multi_desease,segmentador,True,0.6645452611960729,0.7372448979591837,0.0,False,False,0.5228519848631569,0.28959910359588154,-0.07269963676311075
lethal_necrosis,clean/lethal_necrosis/real/lethal_necrosis_multi_desease_real_86196875.jpeg,multi_desease,segmentador,True,,0.9776785714285714,0.0,True,False,0.4303759642385637,0.27848800460589124,
lethal_necrosis,clean/lethal_necrosis/real/lethal_necrosis_maize_africa_real_47268074.jpg,maize_africa,segmentador,True,0.7869771605170635,0.7633928571428571,0.0,False,False,0.3969465617168867,0.26933083630059707,0.02358430337420636
lethal_necrosis,clean/lethal_necrosis/real/lethal_necrosis_multi_desease_real_25069818.jpeg,multi_desease,segmentador,True,0.82606149015308,0.7629544005102041,0.0,False,False,0.31864766095598857,0.2727566958052924,0.06310708964287581
lethal_necrosis,clean/lethal_necrosis/real/lethal_necrosis_maize_africa_real_40168042.jpg,maize_africa,segmentador,True,,1.0,0.0,True,False,0.4078698284189618,0.25603807927542116,
lethal_necrosis,clean/lethal_necrosis/real/lethal_necrosis_maize_africa_real_58337228.jpg,maize_africa,segmentador,True,0.7123938880862062,0.7477080676020408,0.0,False,False,0.2867947257979748,0.23348609205530987,-0.0353141795158346
lethal_necrosis,clean/lethal_necrosis/real/lethal_necrosis_multi_desease_real_78893857.jpeg,multi_desease,segmentador,True,0.7552293841240371,0.7499402104591837,0.0,False,False,0.41158948419586605,0.2829767947951565,0.005289173664853375
lethal_necrosis,clean/lethal_necrosis/real/lethal_necrosis_multi_desease_real_90450203.jpeg,multi_desease,segmentador,True,0.7179079062680446,0.7522321428571429,5.298855447222195e-05,False,False,0.36991639509727725,0.18545852205267185,-0.034324236589098334
lethal_necrosis,clean/lethal_necrosis/real/lethal_necrosis_multi_desease_real_25544239.jpeg,multi_desease,segmentador,True,0.8646814036926412,0.90625,0.0,False,False,0.39223057704012687,0.2728381643321956,-0.04156859630735876
lethal_necrosis,clean/lethal_necrosis/real/lethal_necrosis_maize_africa_real_15142923.jpg,maize_africa,segmentador,True,,1.0,0.0,True,False,0.3953762825810524,0.26325556218628193,
lethal_necrosis,clean/lethal_necrosis/real/lethal_necrosis_maize_africa_real_49275591.jpg,maize_africa,segmentador,True,0.6955035446482134,0.7323820153061225,0.0,False,False,0.40593609716058615,0.2935496182261088,-0.03687847065790906
lethal_necrosis,clean/lethal_necrosis/real/lethal_necrosis_multi_desease_real_79360711.jpeg,multi_desease,segmentador,True,0.776461343603208,0.7371651785714286,0.0,False,False,0.41303486575517734,0.2734435572607775,0.03929616503177935
lethal_necrosis,clean/lethal_necrosis/real/lethal_necrosis_multi_desease_real_14165915.jpeg,multi_desease,segmentador,True,0.9310863278686751,0.9277543048469388,0.0,False,False,0.32763731860547535,0.22624932808910211,0.0033320230217362967
lethal_necrosis,clean/lethal_necrosis/real/lethal_necrosis_multi_desease_real_69648663.jpeg,multi_desease,segmentador,True,0.8621172152240406,0.9017857142857143,0.0,False,False,0.33989031359219213,0.21926546224652915,-0.03966849906167369
lethal_necrosis,clean/lethal_necrosis/real/lethal_necrosis_multi_desease_real_79754683.jpeg,multi_desease,segmentador,True,,0.9910714285714286,0.0,True,False,0.3965652796988281,0.21282797391374086,
lethal_necrosis,clean/lethal_necrosis/real/lethal_necrosis_multi_desease_real_42709001.jpeg,multi_desease,segmentador,True,,0.9776785714285714,0.0,True,False,0.2683663453740706,0.18546861150631253,
lethal_necrosis,clean/lethal_necrosis/real/lethal_necrosis_multi_desease_real_93431529.jpeg,multi_desease,segmentador,True,0.9045961499308212,0.9194036989795918,0.0,False,False,0.33371811465988616,0.24110508237052028,-0.014807549048770685
lethal_necrosis,clean/lethal_necrosis/real/lethal_necrosis_maize_africa_real_48107367.jpg,maize_africa,segmentador,True,,1.0,0.0,True,False,0.33528530105775517,0.20255999009400238,
lethal_necrosis,clean/lethal_necrosis/real/lethal_necrosis_maize_africa_real_77860322.jpg,maize_africa,segmentador,True,0.7850920640472907,0.75,0.0,False,False,0.36852739874570783,0.23195533894843964,0.035092064047290705
lethal_necrosis,clean/lethal_necrosis/real/lethal_necrosis_multi_desease_real_64308386.jpeg,multi_desease,segmentador,True,,0.9596221301020408,0.0,True,False,0.4216426653695509,0.2498962359942873,
lethal_necrosis,clean/lethal_necrosis/real/lethal_necrosis_multi_desease_real_90918055.jpeg,multi_desease,segmentador,True,,1.0,0.0,True,False,0.49621313033152586,0.21931457936390686,
lethal_necrosis,clean/lethal_necrosis/real/lethal_necrosis_multi_desease_real_46172797.jpeg,multi_desease,segmentador,True,0.7366237164762635,0.7359494579081632,0.0023830801310693595,False,False,0.34608134358185183,0.19425902007849474,0.0006742585681002167
lethal_necrosis,clean/lethal_necrosis/real/lethal_necrosis_maize_africa_real_33050039.jpg,maize_africa,segmentador,True,,1.0,0.0,True,False,0.35384782466605064,0.28686595537258186,
lethal_necrosis,clean/lethal_necrosis/real/lethal_necrosis_maize_africa_real_62422225.jpg,maize_africa,segmentador,True,0.7183885877318706,0.7043805803571429,0.0,False,False,0.4227855916677957,0.27345374037964176,0.014008007374727738
lethal_necrosis,clean/lethal_necrosis/real/lethal_necrosis_maize_africa_real_94481600.jpg,maize_africa,segmentador,True,0.7300793083793151,0.7475685586734694,0.0,False,False,0.5112963327063845,0.2721059881235389,-0.017489250294154268
lethal_necrosis,clean/lethal_necrosis/real/lethal_necrosis_multi_desease_real_18699367.jpeg,multi_desease,segmentador,True,0.6436718343760642,0.7574139030612245,0.0,False,False,0.25140707156962966,0.20887346924918443,-0.11374206868516024
lethal_necrosis,clean/lethal_necrosis/real/lethal_necrosis_multi_desease_real_37618183.jpeg,multi_desease,segmentador,True,,1.0,0.0,True,False,0.30722783000488296,0.1627241365842162,
lethal_necrosis,clean/lethal_necrosis/real/lethal_necrosis_maize_africa_real_40205659.jpg,maize_africa,segmentador,True,0.8218242846468179,0.7544642857142857,0.0,False,False,0.3611702983391943,0.3149855789098319,0.0673599989325322
lethal_necrosis,clean/lethal_necrosis/real/lethal_necrosis_maize_africa_real_71060667.jpg,maize_africa,segmentador,True,,1.0,0.0,True,False,0.3163323128481816,0.21505351499377973,
nitrogen_deficiency,clean/nitrogen_deficiency/real/nitrogen_deficiency_maize_deficiency_scanner_roboflow_real_37ab67e2.jpg,maize_deficiency_scanner_roboflow,segmentador,True,0.4043022343351359,0.1165298150510204,0.0,False,False,0.1891463672552086,0.23388741221230724,0.2877724192841155
nitrogen_deficiency,clean/nitrogen_deficiency/real/nitrogen_deficiency_corn_leaf_roboflow_real_47882196.jpg,corn_leaf_roboflow,segmentador,True,0.5405404323172953,0.3034119897959184,0.0,False,False,0.1687900636638954,0.20599494166062338,0.23712844252137694
nitrogen_deficiency,clean/nitrogen_deficiency/real/nitrogen_deficiency_maize_deficiency_scanner_roboflow_real_855f09af.jpg,maize_deficiency_scanner_roboflow,segmentador,False,,1.0,0.0,True,False,0.24590750622832142,0.3004185345272639,
nitrogen_deficiency,clean/nitrogen_deficiency/real/nitrogen_deficiency_maize_2_roboflow_real_0e793a21.jpg,maize_2_roboflow,segmentador,False,0.050521761155751174,0.1405652104591837,0.0,False,False,0.14263402369546616,0.22543273755183516,-0.09004344930343251
nitrogen_deficiency,clean/nitrogen_deficiency/real/nitrogen_deficiency_corn_leaf_roboflow_real_55435637.jpg,corn_leaf_roboflow,segmentador,True,0.5773715953920452,0.3526586415816326,0.0,False,False,0.22950459798071232,0.21906956051928744,0.22471295381041256
nitrogen_deficiency,clean/nitrogen_deficiency/real/nitrogen_deficiency_corn_leaf_roboflow_real_19762482.jpg,corn_leaf_roboflow,segmentador,True,0.38367473107543815,0.3156688456632653,0.0,False,False,0.1948775332378086,0.27613565462347517,0.06800588541217284
nitrogen_deficiency,clean/nitrogen_deficiency/real/nitrogen_deficiency_maize_deficiency_scanner_roboflow_real_651f4208.jpg,maize_deficiency_scanner_roboflow,segmentador,True,0.10517419492747747,0.16242825255102042,0.0,False,False,0.3207365757145628,0.24834335280515463,-0.05725405762354295
nitrogen_deficiency,clean/nitrogen_deficiency/real/nitrogen_deficiency_corn_leaf_roboflow_real_18627035.jpg,corn_leaf_roboflow,segmentador,True,0.46450445618230907,0.29259008290816324,0.0,False,False,0.17440962762223952,0.261593377665191,0.17191437327414583
nitrogen_deficiency,clean/nitrogen_deficiency/real/nitrogen_deficiency_corn_leaf_roboflow_real_76575741.jpg,corn_leaf_roboflow,segmentador,True,,1.0,0.0,True,False,0.194003057448545,0.2967637916660211,
nitrogen_deficiency,clean/nitrogen_deficiency/real/nitrogen_deficiency_maize_2_roboflow_real_3ddd310b.jpg,maize_2_roboflow,segmentador,True,0.31578933221880817,0.1395687181122449,0.0,False,False,0.23037672327681083,0.2572921335032386,0.17622061410656328
nitrogen_deficiency,clean/nitrogen_deficiency/real/nitrogen_deficiency_corn_leaf_roboflow_real_57507624.jpg,corn_leaf_roboflow,segmentador,True,0.2841913388403253,0.10433274872448979,0.0,False,False,0.30040581395833876,0.24467125490263045,0.17985859011583555
nitrogen_deficiency,clean/nitrogen_deficiency/real/nitrogen_deficiency_maize_2_roboflow_real_ceb23296.jpg,maize_2_roboflow,segmentador,True,0.2586089007086175,0.1861846301020408,0.0,False,False,0.3107737689947574,0.3493209333382999,0.07242427060657666
nitrogen_deficiency,clean/nitrogen_deficiency/real/nitrogen_deficiency_corn_leaf_roboflow_real_99853975.jpg,corn_leaf_roboflow,segmentador,True,0.5261092918723503,0.4604990433673469,0.0,False,False,0.21627803402551737,0.21182794362755233,0.06561024850500341
nitrogen_deficiency,clean/nitrogen_deficiency/real/nitrogen_deficiency_maize_2_roboflow_real_b59c446a.jpg,maize_2_roboflow,segmentador,False,,0.9996811224489796,0.0,True,False,0.23417936763415143,0.30387783894648446,
nitrogen_deficiency,clean/nitrogen_deficiency/real/nitrogen_deficiency_corn_leaf_roboflow_real_88942963.jpg,corn_leaf_roboflow,segmentador,False,0.1920861443188722,0.1664142219387755,0.0,False,False,0.36353090629238505,0.30031213007965957,0.02567192238009669
nitrogen_deficiency,clean/nitrogen_deficiency/real/nitrogen_deficiency_corn_leaf_roboflow_real_45504202.jpg,corn_leaf_roboflow,segmentador,True,0.10046692906014122,0.09173708545918367,0.0,False,False,0.32618062267703224,0.3103202609712249,0.008729843600957549
nitrogen_deficiency,clean/nitrogen_deficiency/real/nitrogen_deficiency_maize_deficiency_scanner_roboflow_real_f7f88e43.jpg,maize_deficiency_scanner_roboflow,segmentador,False,0.11549250499820628,0.12133290816326531,0.003120893561103788,False,False,0.45830417710773386,0.373878837987168,-0.00584040316505903
nitrogen_deficiency,clean/nitrogen_deficiency/real/nitrogen_deficiency_maize_nutrient_real_65518371.jpeg,maize_nutrient,segmentador,True,0.49212113168207455,0.3264708227040816,0.0,False,False,0.21826187799648503,0.2756873970100131,0.16565030897799293
nitrogen_deficiency,clean/nitrogen_deficiency/real/nitrogen_deficiency_corn_leaf_roboflow_real_33520047.jpg,corn_leaf_roboflow,segmentador,True,0.2327916360870813,0.14204001913265307,0.0011224919320892424,False,False,0.3041282075231159,0.261248806830585,0.09075161695442824
nitrogen_deficiency,clean/nitrogen_deficiency/real/nitrogen_deficiency_corn_leaf_roboflow_real_24925885.jpg,corn_leaf_roboflow,segmentador,True,0.25900033709197867,0.25111607142857145,0.0,False,False,0.4412452702874637,0.24150546603416842,0.00788426566340722
nitrogen_deficiency,clean/nitrogen_deficiency/real/nitrogen_deficiency_corn_leaf_roboflow_real_99224773.jpg,corn_leaf_roboflow,segmentador,True,0.4036217330547073,0.18999123086734693,0.0,False,False,0.2511780056991355,0.3521891839032714,0.21363050218736035
nitrogen_deficiency,clean/nitrogen_deficiency/real/nitrogen_deficiency_maize_nutrient_real_82792333.jpeg,maize_nutrient,segmentador,False,0.5337434942821546,0.3267099808673469,0.0,False,False,0.2950202970435765,0.3393458402981364,0.2070335134148077
nitrogen_deficiency,clean/nitrogen_deficiency/real/nitrogen_deficiency_corn_leaf_roboflow_real_39493282.jpg,corn_leaf_roboflow,segmentador,True,0.5298783129765714,0.28724888392857145,0.0,False,False,0.2376842143654207,0.21016785291251894,0.24262942904799994
nitrogen_deficiency,clean/nitrogen_deficiency/real/nitrogen_deficiency_corn_leaf_roboflow_real_62154571.jpg,corn_leaf_roboflow,segmentador,True,0.23825549539365254,0.15246332908163265,0.0,False,False,0.2915510372299333,0.2743664080923676,0.08579216631201989
nitrogen_deficiency,clean/nitrogen_deficiency/real/nitrogen_deficiency_corn_leaf_roboflow_real_58979601.jpg,corn_leaf_roboflow,segmentador,False,0.08211506363267183,0.11937978316326531,0.0,False,False,0.32634026826106477,0.3967330524151762,-0.037264719530593474
nitrogen_deficiency,clean/nitrogen_deficiency/real/nitrogen_deficiency_corn_leaf_roboflow_real_31126392.jpg,corn_leaf_roboflow,segmentador,True,0.635624739648219,0.40296157525510207,0.0,False,False,0.08633587839686362,0.17172398325785104,0.2326631643931169
nitrogen_deficiency,clean/nitrogen_deficiency/real/nitrogen_deficiency_maize_deficiency_scanner_roboflow_real_5778aa35.jpg,maize_deficiency_scanner_roboflow,segmentador,True,,1.0,0.0,True,False,0.2776529547313469,0.32811691969974166,
nitrogen_deficiency,clean/nitrogen_deficiency/real/nitrogen_deficiency_corn_leaf_roboflow_real_83523937.jpg,corn_leaf_roboflow,segmentador,True,0.11250824259421494,0.14764030612244897,0.0,False,False,0.21001578364703516,0.25535891180266285,-0.03513206352823403
nitrogen_deficiency,clean/nitrogen_deficiency/real/nitrogen_deficiency_corn_leaf_roboflow_real_13363983.jpg,corn_leaf_roboflow,segmentador,True,0.38374884036996887,0.3327686543367347,0.0,False,False,0.27562151015195513,0.2378602963097247,0.050980186033234176
nitrogen_deficiency,clean/nitrogen_deficiency/real/nitrogen_deficiency_corn_leaf_roboflow_real_12425680.jpg,corn_leaf_roboflow,segmentador,True,0.15295144185283585,0.18271683673469388,0.0,False,False,0.48506774668130337,0.29009372764175767,-0.02976539488185803
northern_corn_leaf_blight,clean/northern_corn_leaf_blight/real/northern_corn_leaf_blight_maize_africa_real_16292102.jpg,maize_africa,segmentador,True,0.49504960609358944,0.3928372130102041,0.0,False,False,0.062180213976966756,0.1605552781947011,0.10221239308338537
northern_corn_leaf_blight,clean/northern_corn_leaf_blight/real/northern_corn_leaf_blight_maize_africa_real_69797494.jpg,maize_africa,segmentador,True,0.7101527921153014,0.6360012755102041,0.0,False,False,0.08107593624535935,0.16801312862733658,0.07415151660509722
northern_corn_leaf_blight,clean/northern_corn_leaf_blight/real/northern_corn_leaf_blight_maize_africa_real_73693098.jpg,maize_africa,segmentador,True,0.9710191536378514,0.8394052933673469,0.0,False,False,0.1772995447420918,0.2206055838966767,0.13161386027050448
northern_corn_leaf_blight,clean/northern_corn_leaf_blight/real/northern_corn_leaf_blight_maize_africa_real_85391073.jpg,maize_africa,segmentador,True,0.4313452335787075,0.4594029017857143,0.0,False,False,0.40476931361384483,0.3027562693631045,-0.02805766820700678
northern_corn_leaf_blight,clean/northern_corn_leaf_blight/real/northern_corn_leaf_blight_corn_leaf_roboflow_real_82887504.jpg,corn_leaf_roboflow,segmentador,True,,1.0,0.0,True,False,0.30277892926001004,0.2463967556219244,
northern_corn_leaf_blight,clean/northern_corn_leaf_blight/lab/northern_corn_leaf_blight_cropdg_lab_371.jpg,cropdg,segmentador,True,,1.0,0.0,True,False,0.3160594729463883,0.31881521172681254,
northern_corn_leaf_blight,clean/northern_corn_leaf_blight/real/northern_corn_leaf_blight_corn_leaf_roboflow_real_54418921.jpg,corn_leaf_roboflow,segmentador,True,0.5500236432480881,0.5233577806122449,0.0,False,False,0.27576784407496224,0.21453652802162737,0.02666586263584314
northern_corn_leaf_blight,clean/northern_corn_leaf_blight/lab/northern_corn_leaf_blight_cropdg_lab_424.jpg,cropdg,segmentador,True,0.6745722002715432,0.5522161989795918,0.0,False,False,0.18642880516110186,0.17179116799387142,0.12235600129195134
northern_corn_leaf_blight,clean/northern_corn_leaf_blight/real/northern_corn_leaf_blight_maize_africa_real_14292106.jpg,maize_africa,segmentador,True,0.5052791673944741,0.3315330038265306,0.0,False,False,0.05094973161325814,0.16337747834633556,0.17374616356794348
northern_corn_leaf_blight,clean/northern_corn_leaf_blight/real/northern_corn_leaf_blight_maize_africa_real_78002980.jpg,maize_africa,segmentador,True,0.4569192345575264,0.4985251913265306,0.0,False,False,0.49753219052306047,0.30721230909117025,-0.04160595676900419
northern_corn_leaf_blight,clean/northern_corn_leaf_blight/real/northern_corn_leaf_blight_maize_africa_real_87198738.jpg,maize_africa,segmentador,True,0.6303678295497664,0.5366310586734694,0.0,False,False,0.15038879605120928,0.17136238655392605,0.09373677087629706
northern_corn_leaf_blight,clean/northern_corn_leaf_blight/real/northern_corn_leaf_blight_maize_africa_real_81704474.jpg,maize_africa,segmentador,True,0.6413262081220376,0.5699338329081632,0.0,False,False,0.29866204390746887,0.2407211196152246,0.07139237521387432
northern_corn_leaf_blight,clean/northern_corn_leaf_blight/lab/northern_corn_leaf_blight_cropdg_lab_353.jpg,cropdg,segmentador,True,,0.9620735012755102,0.0,True,False,0.1436938778896493,0.16903032683399385,
northern_corn_leaf_blight,clean/northern_corn_leaf_blight/real/northern_corn_leaf_blight_corn_leaf_roboflow_real_50042294.jpg,corn_leaf_roboflow,segmentador,True,,1.0,0.0,True,False,0.16856622712623934,0.17672914925994831,
northern_corn_leaf_blight,clean/northern_corn_leaf_blight/real/northern_corn_leaf_blight_maize_africa_real_24431997.jpg,maize_africa,segmentador,True,0.37806419816348663,0.44955755739795916,0.0,False,False,0.2949431657419003,0.21982785634564794,-0.07149335923447253
northern_corn_leaf_blight,clean/northern_corn_leaf_blight/lab/northern_corn_leaf_blight_cropdg_lab_713.jpg,cropdg,segmentador,True,,1.0,0.0,True,False,0.27589830948402944,0.23096794030707865,
northern_corn_leaf_blight,clean/northern_corn_leaf_blight/real/northern_corn_leaf_blight_maize_africa_real_27138840.jpg,maize_africa,segmentador,True,0.33856496982968826,0.2281768176020408,0.0,False,False,0.17756854213585394,0.20725477570162193,0.11038815222764745
northern_corn_leaf_blight,clean/northern_corn_leaf_blight/real/northern_corn_leaf_blight_maize_africa_real_34742189.jpg,maize_africa,segmentador,True,0.38891769005449406,0.32521524234693877,0.0,False,False,0.12922091642283276,0.1786884416142401,0.06370244770755529
northern_corn_leaf_blight,clean/northern_corn_leaf_blight/real/northern_corn_leaf_blight_maize_desease_real_63804674.jpg,maize_desease,segmentador,True,0.5265665304480851,0.49216757015306123,0.0,False,False,0.13441021138266163,0.17125158929668183,0.03439896029502387
northern_corn_leaf_blight,clean/northern_corn_leaf_blight/lab/northern_corn_leaf_blight_cropdg_lab_420.jpg,cropdg,segmentador,True,0.5696824234000064,0.6702008928571429,0.0,False,False,0.35215662484661553,0.3248214821583902,-0.1005184694571365
northern_corn_leaf_blight,clean/northern_corn_leaf_blight/real/northern_corn_leaf_blight_maize_africa_real_84789243.jpg,maize_africa,segmentador,True,0.6105895969839724,0.4536232461734694,0.0,False,False,0.072381389027033,0.16261576183153095,0.15696635081050303
northern_corn_leaf_blight,clean/northern_corn_leaf_blight/real/northern_corn_leaf_blight_maize_desease_real_18730853.jpg,maize_desease,segmentador,True,0.5894674524883452,0.5700534119897959,0.0,False,False,0.375982206331477,0.25148866328411157,0.019414040498549334
northern_corn_leaf_blight,clean/northern_corn_leaf_blight/real/northern_corn_leaf_blight_maize_africa_real_46691600.jpg,maize_africa,segmentador,True,0.49085345410208847,0.39219945790816324,0.0,False,False,0.20901729738456942,0.23009950963176656,0.09865399619392523
northern_corn_leaf_blight,clean/northern_corn_leaf_blight/real/northern_corn_leaf_blight_maize_africa_real_38367652.jpg,maize_africa,segmentador,True,0.7072563605051168,0.4076650191326531,0.0,False,False,0.10708399906383936,0.2251902604006171,0.2995913413724637
northern_corn_leaf_blight,clean/northern_corn_leaf_blight/real/northern_corn_leaf_blight_maize_desease_real_13450857.jpg,maize_desease,segmentador,True,0.4020792973464219,0.3557876275510204,0.0,False,False,0.39992248351855975,0.27888199922174567,0.0462916697954015
northern_corn_leaf_blight,clean/northern_corn_leaf_blight/real/northern_corn_leaf_blight_maize_africa_real_58295224.jpg,maize_africa,segmentador,True,0.7952469539352023,0.7378627232142857,0.0,False,False,0.07541655840866647,0.1636696046119993,0.057384230720916585
northern_corn_leaf_blight,clean/northern_corn_leaf_blight/real/northern_corn_leaf_blight_maize_africa_real_19009121.jpg,maize_africa,segmentador,True,0.7904802396693339,0.5940688775510204,0.0,False,False,0.053054657131931235,0.1591950879102597,0.19641136211831345
northern_corn_leaf_blight,clean/northern_corn_leaf_blight/real/northern_corn_leaf_blight_maize_africa_real_89738014.jpg,maize_africa,segmentador,True,0.4285812662788719,0.3524194834183674,0.0,False,False,0.2508866527411322,0.22136886213008405,0.07616178286050451
northern_corn_leaf_blight,clean/northern_corn_leaf_blight/real/northern_corn_leaf_blight_maize_africa_real_86747676.jpg,maize_africa,segmentador,True,0.7060439773648138,0.6104113520408163,0.0,False,False,0.20933982116576505,0.220392992012412,0.09563262532399752
northern_corn_leaf_blight,clean/northern_corn_leaf_blight/real/northern_corn_leaf_blight_maize_africa_real_92857273.jpg,maize_africa,segmentador,True,0.5815337020951235,0.5842235331632653,0.0,False,False,0.22304451943754203,0.19915502365946702,-0.0026898310681418014
phosphorus_deficiency,clean/phosphorus_deficiency/real/phosphorus_deficiency_corn_leaf_roboflow_real_23205290.jpg,corn_leaf_roboflow,segmentador,True,0.4056645807586988,0.20866549744897958,0.0,False,False,0.22918098288293398,0.23435840524681967,0.19699908330971924
phosphorus_deficiency,clean/phosphorus_deficiency/real/phosphorus_deficiency_maize_nutrient_real_17272987.jpeg,maize_nutrient,segmentador,True,0.8861514618879843,0.6516262755102041,0.0,False,False,0.20902814155561025,0.23553399944529127,0.2345251863777802
phosphorus_deficiency,clean/phosphorus_deficiency/real/phosphorus_deficiency_maize_2_roboflow_real_1bf29851.jpg,maize_2_roboflow,segmentador,True,,1.0,0.0,True,False,0.2631974877807054,0.24036524674274898,
phosphorus_deficiency,clean/phosphorus_deficiency/real/phosphorus_deficiency_maize_2_roboflow_real_50dfdd13.jpg,maize_2_roboflow,segmentador,True,0.27570085744378053,0.10736208545918367,0.0,False,False,0.24842460327126997,0.26665953442119056,0.16833877198459685
phosphorus_deficiency,clean/phosphorus_deficiency/real/phosphorus_deficiency_corn_leaf_roboflow_real_70326290.jpg,corn_leaf_roboflow,segmentador,True,0.6734400536090708,0.27981505102040816,0.0,False,False,0.11544240250969846,0.2615670205278641,0.3936250025886626
phosphorus_deficiency,clean/phosphorus_deficiency/real/phosphorus_deficiency_maize_nutrient_real_36423823.jpeg,maize_nutrient,segmentador,True,0.895991518825829,0.7606226084183674,0.0,False,False,0.18558957459338887,0.22942107777675727,0.13536891040746157
phosphorus_deficiency,clean/phosphorus_deficiency/real/phosphorus_deficiency_corn_leaf_roboflow_real_15254819.jpg,corn_leaf_roboflow,segmentador,True,0.34532100913206615,0.1843311543367347,0.0,False,False,0.29714017396024434,0.304091138728099,0.16098985479533146
phosphorus_deficiency,clean/phosphorus_deficiency/real/phosphorus_deficiency_corn_leaf_roboflow_real_93636028.jpg,corn_leaf_roboflow,segmentador,True,0.3510428888889243,0.25918765943877553,0.0,False,False,0.2264937896947242,0.19969374758609498,0.09185522945014879
phosphorus_deficiency,clean/phosphorus_deficiency/real/phosphorus_deficiency_corn_leaf_roboflow_real_64166235.jpg,corn_leaf_roboflow,segmentador,True,,1.0,0.0,True,False,0.1756490872251586,0.25008910561833503,
phosphorus_deficiency,clean/phosphorus_deficiency/real/phosphorus_deficiency_maize_2_roboflow_real_ae7c5965.jpg,maize_2_roboflow,segmentador,True,0.6091841250806203,0.2492625956632653,0.0,False,False,0.20866507018867086,0.24438433171204255,0.35992152941735495
phosphorus_deficiency,clean/phosphorus_deficiency/real/phosphorus_deficiency_maize_2_roboflow_real_6e20cd92.jpg,maize_2_roboflow,segmentador,True,0.38475210289752126,0.1477997448979592,0.0,False,False,0.23911523936996912,0.33455544002226106,0.23695235799956207
phosphorus_deficiency,clean/phosphorus_deficiency/real/phosphorus_deficiency_maize_nutrient_real_47854516.jpeg,maize_nutrient,segmentador,True,0.6706233650427648,0.4714205994897959,0.0,False,False,0.23666936677120276,0.2564326534575832,0.19920276555296884
phosphorus_deficiency,clean/phosphorus_deficiency/real/phosphorus_deficiency_maize_2_roboflow_real_7a05afa8.jpg,maize_2_roboflow,segmentador,True,0.5972811204751193,0.16380341198979592,0.0,False,False,0.10994453359327001,0.15517680499218298,0.43347770848532335
phosphorus_deficiency,clean/phosphorus_deficiency/real/phosphorus_deficiency_corn_leaf_roboflow_real_74714259.jpg,corn_leaf_roboflow,segmentador,True,0.4310667254435796,0.2983498086734694,0.0,False,False,0.24490025838698368,0.2510272460784346,0.13271691677011022
phosphorus_deficiency,clean/phosphorus_deficiency/real/phosphorus_deficiency_corn_leaf_roboflow_real_60180504.jpg,corn_leaf_roboflow,segmentador,True,0.15675900423056321,0.12860730229591838,0.0,False,False,0.5686698791957514,0.3550818312851147,0.028151701934644835
phosphorus_deficiency,clean/phosphorus_deficiency/real/phosphorus_deficiency_corn_leaf_roboflow_real_62517854.jpg,corn_leaf_roboflow,segmentador,True,0.5594689261209784,0.33314732142857145,0.0,False,False,0.23571558686625094,0.27577473602028496,0.22632160469240697
phosphorus_deficiency,clean/phosphorus_deficiency/real/phosphorus_deficiency_maize_2_roboflow_real_bf583040.jpg,maize_2_roboflow,segmentador,True,0.2105288609897187,0.08075573979591837,0.0,False,False,0.1639626719778689,0.217834933573642,0.12977312119380036
phosphorus_deficiency,clean/phosphorus_deficiency/real/phosphorus_deficiency_corn_leaf_roboflow_real_55793492.jpg,corn_leaf_roboflow,segmentador,True,0.3201088755877825,0.23580994897959184,0.0,False,False,0.273090683933372,0.22754522103488606,0.08429892660819066
phosphorus_deficiency,clean/phosphorus_deficiency/real/phosphorus_deficiency_corn_leaf_roboflow_real_89259012.jpg,corn_leaf_roboflow,segmentador,False,0.14189215095914595,0.26955117984693877,0.0,False,False,0.4004298973596335,0.3917106532206859,-0.12765902888779282
phosphorus_deficiency,clean/phosphorus_deficiency/real/phosphorus_deficiency_maize_nutrient_real_93984002.jpeg,maize_nutrient,segmentador,True,,1.0,0.0,True,False,0.2185890787477488,0.26224901522292077,
phosphorus_deficiency,clean/phosphorus_deficiency/real/phosphorus_deficiency_maize_2_roboflow_real_29097ee8.jpg,maize_2_roboflow,segmentador,True,0.3736221726634613,0.1878388073979592,0.0,False,False,0.11737186474044212,0.19952998112955184,0.18578336526550213
phosphorus_deficiency,clean/phosphorus_deficiency/real/phosphorus_deficiency_maize_2_roboflow_real_c2075434.jpg,maize_2_roboflow,segmentador,False,0.190728681762018,0.12940449617346939,0.0,False,False,0.4840513737633443,0.257756163991349,0.0613241855885486
phosphorus_deficiency,clean/phosphorus_deficiency/real/phosphorus_deficiency_corn_leaf_roboflow_real_16987281.jpg,corn_leaf_roboflow,segmentador,True,0.34164357544035323,0.15587133290816327,0.0,False,False,0.20310437705583342,0.23919540307049955,0.18577224253218996
phosphorus_deficiency,clean/phosphorus_deficiency/real/phosphorus_deficiency_maize_nutrient_real_60992068.jpeg,maize_nutrient,segmentador,True,0.3953525389644363,0.8203722895408163,0.0,False,False,0.1738758878806337,0.23319358657287287,-0.42501975057638003
phosphorus_deficiency,clean/phosphorus_deficiency/real/phosphorus_deficiency_corn_leaf_roboflow_real_29683417.jpg,corn_leaf_roboflow,segmentador,True,0.33484480167372965,0.22947225765306123,0.0,False,False,0.30678951681344774,0.3009607203411886,0.10537254402066842
phosphorus_deficiency,clean/phosphorus_deficiency/real/phosphorus_deficiency_maize_nutrient_real_86832898.jpeg,maize_nutrient,segmentador,True,0.7620683599527835,0.6368582589285714,0.0,False,False,0.32229035548660667,0.2868722868282835,0.12521010102421215
phosphorus_deficiency,clean/phosphorus_deficiency/real/phosphorus_deficiency_corn_leaf_roboflow_real_67659096.jpg,corn_leaf_roboflow,segmentador,True,0.2976191622858549,0.2520129145408163,0.0,False,False,0.4202357429396685,0.3451954523585399,0.045606247745038575
phosphorus_deficiency,clean/phosphorus_deficiency/real/phosphorus_deficiency_corn_leaf_roboflow_real_17571811.jpg,corn_leaf_roboflow,segmentador,True,0.6715083365386655,0.21839126275510204,0.0,False,False,0.1328494355675253,0.2477689038615147,0.4531170737835635
phosphorus_deficiency,clean/phosphorus_deficiency/real/phosphorus_deficiency_corn_leaf_roboflow_real_77064287.jpg,corn_leaf_roboflow,segmentador,True,0.39065247153430316,0.3034119897959184,0.0,False,False,0.4551552974782727,0.34439718751444065,0.08724048173838478
phosphorus_deficiency,clean/phosphorus_deficiency/real/phosphorus_deficiency_corn_leaf_roboflow_real_13899542.jpg,corn_leaf_roboflow,segmentador,True,0.5043944923320727,0.21406648596938777,0.0,False,False,0.15800633849042986,0.2043450497212207,0.2903280063626849
potassium_deficiency,clean/potassium_deficiency/real/potassium_deficiency_maize_2_roboflow_real_af965d96.jpg,maize_2_roboflow,segmentador,True,0.21308723147895586,0.10273836096938775,0.0,False,False,0.279244163434553,0.28969740119328985,0.11034887050956811
potassium_deficiency,clean/potassium_deficiency/real/potassium_deficiency_corn_leaf_roboflow_real_96950080.jpg,corn_leaf_roboflow,segmentador,True,,1.0,0.0,True,False,0.37142503842299673,0.20735531775906604,
potassium_deficiency,clean/potassium_deficiency/real/potassium_deficiency_maize_nutrient_real_74712899.jpeg,maize_nutrient,segmentador,True,0.5454072631429921,0.49515704719387754,0.0,False,False,0.2975278353827168,0.23702681573651213,0.05025021594911461
potassium_deficiency,clean/potassium_deficiency/real/potassium_deficiency_corn_leaf_roboflow_real_91856667.jpg,corn_leaf_roboflow,segmentador,True,,0.9997608418367347,0.0,True,False,0.3830653348826185,0.41743065588085937,
potassium_deficiency,clean/potassium_deficiency/real/potassium_deficiency_corn_leaf_roboflow_real_95411658.jpg,corn_leaf_roboflow,segmentador,False,0.2686345703653575,0.24830596301020408,0.0,False,False,0.2819071322123404,0.3406956890590546,0.020328607355153405
potassium_deficiency,clean/potassium_deficiency/real/potassium_deficiency_corn_leaf_roboflow_real_41604518.jpg,corn_leaf_roboflow,segmentador,False,0.5457082181297578,0.28354193239795916,0.0,False,False,0.15179900809882874,0.2415625761470664,0.2621662857317986
potassium_deficiency,clean/potassium_deficiency/real/potassium_deficiency_maize_2_roboflow_real_4aa37d67.jpg,maize_2_roboflow,segmentador,True,,1.0,0.0,True,False,0.17919923393648426,0.2329017135443397,
potassium_deficiency,clean/potassium_deficiency/real/potassium_deficiency_maize_2_roboflow_real_705469e8.jpg,maize_2_roboflow,segmentador,True,,1.0,0.0,True,False,0.2306833867905391,0.21979526905573524,
potassium_deficiency,clean/potassium_deficiency/real/potassium_deficiency_corn_leaf_roboflow_real_29150753.jpg,corn_leaf_roboflow,segmentador,True,0.33184329199689244,0.23893893494897958,0.0020018350154308306,False,False,0.2510290391804364,0.26033953710999524,0.09290435704791286
potassium_deficiency,clean/potassium_deficiency/real/potassium_deficiency_corn_leaf_roboflow_real_95203935.jpg,corn_leaf_roboflow,segmentador,True,0.6836746051510993,0.3072983099489796,0.0,False,False,0.0846055535381513,0.1880940050445252,0.37637629520211974
potassium_deficiency,clean/potassium_deficiency/real/potassium_deficiency_maize_2_roboflow_real_7f478556.jpg,maize_2_roboflow,segmentador,True,0.46509258138319476,0.24246651785714285,0.0,False,False,0.13076532999520107,0.1783058298997145,0.2226260635260519
potassium_deficiency,clean/potassium_deficiency/real/potassium_deficiency_maize_deficiency_scanner_roboflow_real_21853f64.jpg,maize_deficiency_scanner_roboflow,segmentador,False,0.0862524305354462,0.11796476403061225,0.0,False,False,0.3297637173599786,0.41004125848028117,-0.03171233349516604
potassium_deficiency,clean/potassium_deficiency/real/potassium_deficiency_maize_2_roboflow_real_f97d7cd8.jpg,maize_2_roboflow,segmentador,True,,1.0,0.0,True,False,0.3489315507084525,0.2668400055894505,
potassium_deficiency,clean/potassium_deficiency/real/potassium_deficiency_maize_deficiency_scanner_roboflow_real_25376d6a.jpg,maize_deficiency_scanner_roboflow,segmentador,True,0.39638678244520714,0.21330915178571427,0.0,False,False,0.18002042244426109,0.19690372587093066,0.18307763065949287
potassium_deficiency,clean/potassium_deficiency/real/potassium_deficiency_corn_leaf_roboflow_real_58289690.jpg,corn_leaf_roboflow,segmentador,True,0.22266662249942426,0.18371332908163265,0.0,False,False,0.3676559413785265,0.36937181102153427,0.03895329341779161
potassium_deficiency,clean/potassium_deficiency/real/potassium_deficiency_corn_leaf_roboflow_real_30682749.jpg,corn_leaf_roboflow,segmentador,True,0.326227023366224,0.32728794642857145,0.0,False,False,0.38061590206050555,0.303062387293703,-0.001060923062347452
potassium_deficiency,clean/potassium_deficiency/real/potassium_deficiency_corn_leaf_roboflow_real_65680720.jpg,corn_leaf_roboflow,segmentador,True,0.3015471858469515,0.20974170918367346,0.0,False,False,0.2741356507892833,0.2743786266200829,0.09180547666327804
potassium_deficiency,clean/potassium_deficiency/real/potassium_deficiency_corn_leaf_roboflow_real_31658412.jpg,corn_leaf_roboflow,segmentador,True,0.26345078526620075,0.20192920918367346,0.0,False,False,0.21703587955875103,0.2321383336595872,0.061521576082527285
potassium_deficiency,clean/potassium_deficiency/real/potassium_deficiency_maize_2_roboflow_real_e1de599a.jpg,maize_2_roboflow,segmentador,False,0.21193961558414248,0.1923230229591837,0.0,False,False,0.3514149346262255,0.35080849574921014,0.019616592624958795
potassium_deficiency,clean/potassium_deficiency/real/potassium_deficiency_corn_leaf_roboflow_real_56106602.jpg,corn_leaf_roboflow,segmentador,True,0.24669688679757504,0.1884765625,0.0,False,False,0.31815544242946714,0.30696811052926093,0.05822032429757504
potassium_deficiency,clean/potassium_deficiency/real/potassium_deficiency_maize_2_roboflow_real_d0ed2c7b.jpg,maize_2_roboflow,segmentador,True,,1.0,0.0,True,False,0.14601322665382588,0.20595907052283505,
potassium_deficiency,clean/potassium_deficiency/real/potassium_deficiency_corn_leaf_roboflow_real_91673394.jpg,corn_leaf_roboflow,segmentador,True,0.413029843708519,0.20469945790816327,0.0,False,False,0.18645430779111521,0.2319597159352748,0.2083303858003557
potassium_deficiency,clean/potassium_deficiency/real/potassium_deficiency_maize_2_roboflow_real_d54d29a0.jpg,maize_2_roboflow,segmentador,True,,1.0,0.0,True,False,0.09576348446967291,0.16390708023239983,
potassium_deficiency,clean/potassium_deficiency/real/potassium_deficiency_maize_2_roboflow_real_98507b88.jpg,maize_2_roboflow,segmentador,True,,1.0,0.0,True,False,0.10583588241036411,0.16531333189964037,
potassium_deficiency,clean/potassium_deficiency/real/potassium_deficiency_corn_leaf_roboflow_real_30658187.jpg,corn_leaf_roboflow,segmentador,True,0.3122771495444983,0.21765385841836735,0.0,False,False,0.20228850948679833,0.22581207830149175,0.09462329112613097
potassium_deficiency,clean/potassium_deficiency/real/potassium_deficiency_maize_2_roboflow_real_378f42af.jpg,maize_2_roboflow,segmentador,True,,1.0,0.0,True,False,0.27830375229724574,0.2581595978736592,
potassium_deficiency,clean/potassium_deficiency/real/potassium_deficiency_corn_leaf_roboflow_real_91267887.jpg,corn_leaf_roboflow,segmentador,True,0.24488323901887873,0.1818797831632653,0.0,False,False,0.4445317686019157,0.34953195486908084,0.06300345585561343
potassium_deficiency,clean/potassium_deficiency/real/potassium_deficiency_maize_2_roboflow_real_5ef419bd.jpg,maize_2_roboflow,segmentador,False,0.06515575075828006,0.11489556760204081,0.0,False,False,0.12018977614990983,0.1912322590436751,-0.04973981684376075
potassium_deficiency,clean/potassium_deficiency/real/potassium_deficiency_maize_2_roboflow_real_9b324df9.jpg,maize_2_roboflow,segmentador,True,,1.0,0.0,True,False,0.12197946951798927,0.16071280827544188,
potassium_deficiency,clean/potassium_deficiency/real/potassium_deficiency_maize_deficiency_scanner_roboflow_real_23d8b6a0.jpg,maize_deficiency_scanner_roboflow,segmentador,True,0.10565204753166778,0.15509406887755103,0.0,False,False,0.32529156281998844,0.29842655230169784,-0.049442021345883255
