model_id,architecture,experiment,seed,evaluation_split,held_out_source,validation_macro_f1,standard_test_macro_f1,loso_macro_f1,final_accuracy,final_ece_15_bins,npk_grouped_macro_f1,nitrogen_f1,phosphorus_f1,potassium_f1,lethal_necrosis_precision,lethal_necrosis_recall,lethal_necrosis_f1,checkpoint_sha256,size_bytes,evidence_path,notes
baseline_lite0_seed_123,efficientnet_lite0,standard_baseline,123,standard_test,N/A,0.9602806296695433,0.9378669337746239,N/A,0.9730807577268196,0.13481136052641765,N/A,0.8773234200743495,0.9201520912547528,0.7954545454545454,0.9968652037617555,0.9906542056074766,0.99375,19a9f860352fc8812f7d4d3f9aedef68ff4b52175e0b48ee757a133d409cb053,13785701,docs/es/reproducibilidad/evidencia/multiseed_source_stability/manifest_references.json,
baseline_lite0_seed_2026,efficientnet_lite0,standard_baseline,2026,standard_test,N/A,0.9528559408010293,0.9445972494882022,N/A,0.9774675972083748,0.1364560117482664,N/A,0.8920863309352518,0.9312977099236641,0.8070175438596491,0.9989572471324296,0.9948078920041536,0.9968782518210197,6a2b302307101cd55414e7633d8755c5e584d5cceb4734ff241e8c0b5829ba51,13785701,docs/es/reproducibilidad/evidencia/multiseed_source_stability/manifest_references.json,
baseline_lite0_seed_42,efficientnet_lite0,standard_baseline,42,standard_test,N/A,0.9560862657056215,0.9480021439111501,N/A,0.9780658025922233,0.13965634900931703,0.9783847968475754,0.9051094890510949,0.9318181818181818,0.8241758241758241,0.9968814968814969,0.995846313603323,0.9963636363636363,860180f33bf1749ffee9f3cccb9569a47afd9ca0fcef52713e18f99f82a57859,13785701,docs/es/reproducibilidad/evidencia/multiseed_source_stability/manifest_references.json,Seed 42 histórica: sin lock pre-test documentado
historical_standard_b0_20260910_170120,efficientnet_b0,historical_standard,N/A,standard_test,N/A,0.9609821587082761,0.9483330101876505,N/A,0.9796610169491525,0.13930665312830742,0.9782654650169943,0.8939393939393939,0.9527272727272728,0.8208092485549133,0.9968944099378882,1.0,0.9984447900466563,0e367a5318c068c9bcc90a6bec0d17a0b029251ca5f98400034bd09de7524fdb,16355557,docs/es/reproducibilidad/evidencia/ensemble_loso/manifest_checkpoint_references.json,Materialización histórica; seed y ruta Modal originales no recuperadas
historical_standard_shufflenet_20260910_184521,shufflenet_v2_x1_0,historical_standard,N/A,standard_test,N/A,0.9502494685021711,0.9329803745633506,N/A,0.9730807577268196,0.14153940485695662,0.9744486897700557,0.8613138686131386,0.927536231884058,0.7674418604651163,0.9948347107438017,1.0,0.9974106680476437,b681a3fd5fffaa5d078802369dff04b46c91cbfed7b333ea80c9d6965fd82c9e,5221267,docs/es/reproducibilidad/evidencia/ensemble_loso/manifest_checkpoint_references.json,Materialización histórica; seed y ruta Modal originales no recuperadas
hpo_lite0_trial_000_seed_42,efficientnet_lite0,hpo_trial_0,42,standard_test,N/A,0.9572922254288656,0.9431250727951999,N/A,0.9752741774675973,0.060041621811725045,0.9753801548110511,0.8949416342412452,0.9363295880149812,0.8041237113402062,0.996875,0.9937694704049844,0.9953198127925117,ae39a1c4a8b757021ec2c34a856d6fb484bf801a6adc3bfb71860d58e9d81471,13801629,docs/es/reproducibilidad/evidencia/hpo_lite0_seed42/HPO_SELECTION_LOCK.json,Trial 0 elegido por validation; test posterior único
loso_maize_diseases_lite0_seed_123,efficientnet_lite0,loso_maize_diseases,123,loso_holdout,maize-diseases,0.9522761183203122,N/A,0.992747338587213,0.9929889826870797,0.13687732244129772,N/A,N/A,N/A,N/A,N/A,N/A,N/A,4f2d8e86ac7eb1ddd57f3593f8a187c983931f860247fbcca6d5be1a24a7e345,13785701,docs/es/reproducibilidad/evidencia/multiseed_source_stability/manifest_references.json,Holdout externo: fuente ausente de train y validation
loso_maize_diseases_lite0_seed_2026,efficientnet_lite0,loso_maize_diseases,2026,loso_holdout,maize-diseases,0.9545757418151157,N/A,0.9939218919227909,0.9944198025468594,0.13541455750455839,N/A,N/A,N/A,N/A,N/A,N/A,N/A,50199b9d3a46709f6d1cdc57142593ec883782ca94a22f3ea7e0740a44e292f6,13785701,docs/es/reproducibilidad/evidencia/multiseed_source_stability/manifest_references.json,Holdout externo: fuente ausente de train y validation
loso_maize_diseases_lite0_seed_42,efficientnet_lite0,loso_maize_diseases,42,loso_holdout,maize-diseases,0.9489747671307414,N/A,0.9931239869074601,0.9937043926169695,0.12104359447811103,N/A,N/A,N/A,N/A,N/A,N/A,N/A,b16b1ef8bb4285f65be020272845b6c927057103bf177a290311f186de101dcc,13785701,docs/es/reproducibilidad/evidencia/multiseed_source_stability/manifest_references.json,Holdout externo: fuente ausente de train y validation
loso_multicrop_b0_seed_123,efficientnet_b0,loso_multicrop_disease_maiz,123,loso_holdout,multicrop-disease-maiz,0.95788221585789,N/A,0.9347849399268983,0.8552269601100413,0.05819230343239506,N/A,N/A,N/A,N/A,0.9996200607902735,0.8142989786443825,0.8974927511512877,493ae44e472e288239b0ad934b6d1a5be167dcd00c5473bdf13f9451539c586a,16355557,docs/es/reproducibilidad/evidencia/ensemble_loso/manifest_checkpoint_references.json,"Miembro del ensamble LOSO; fusión uniforme, sin tuning de pesos"
loso_multicrop_b0_seed_2026,efficientnet_b0,loso_multicrop_disease_maiz,2026,loso_holdout,multicrop-disease-maiz,0.9623945664268911,N/A,0.9198307646811937,0.8261691884456671,0.04086829345555462,N/A,N/A,N/A,N/A,0.9995951417004048,0.7641597028783659,0.8661638309068584,de79eadbfd72c08a388618593006fdc5d227aba0b17d254dfdb6dd8134ed4992,16355557,docs/es/reproducibilidad/evidencia/ensemble_loso/manifest_checkpoint_references.json,"Miembro del ensamble LOSO; fusión uniforme, sin tuning de pesos"
loso_multicrop_b0_seed_42,efficientnet_b0,loso_multicrop_disease_maiz,42,loso_holdout,multicrop-disease-maiz,0.9582914464860303,N/A,0.9173183288803907,0.8168844566712518,0.03465889592333457,N/A,N/A,N/A,N/A,0.9995901639344262,0.754874651810585,0.8601657555986598,6211ebd734a1cd08b7026347e5fa8591457b56a981674e76dcc209203dd1be95,16355557,docs/es/reproducibilidad/evidencia/ensemble_loso/manifest_checkpoint_references.json,"Miembro del ensamble LOSO; fusión uniforme, sin tuning de pesos"
loso_multicrop_disease_maiz_lite0_seed_123,efficientnet_lite0,loso_multicrop_disease_maiz,123,loso_holdout,multicrop-disease-maiz,0.9510067469971923,N/A,0.8969639796946209,0.8005502063273727,0.039766542808225745,N/A,N/A,N/A,N/A,0.9991586032814472,0.7350665428659857,0.8470042796005706,3bb36aeb4b4328f0552a606a76d8b8455a7a1fea1c5fc288784dfa8be35b0863,13785701,docs/es/reproducibilidad/evidencia/multiseed_source_stability/manifest_references.json,Holdout externo: fuente ausente de train y validation
loso_multicrop_disease_maiz_lite0_seed_2026,efficientnet_lite0,loso_multicrop_disease_maiz,2026,loso_holdout,multicrop-disease-maiz,0.9593519318239934,N/A,0.9032644831231368,0.8038170563961485,0.049873726821646716,N/A,N/A,N/A,N/A,0.998329853862213,0.7400185701021356,0.8499822253821543,d38fc9f91adffc6943abcdf72bb8ef4951ca18c98bc2f1be6de3d723bc193c43,13785701,docs/es/reproducibilidad/evidencia/multiseed_source_stability/manifest_references.json,Holdout externo: fuente ausente de train y validation
loso_multicrop_disease_maiz_lite0_seed_42,efficientnet_lite0,loso_multicrop_disease_maiz,42,loso_holdout,multicrop-disease-maiz,0.9524884042075362,N/A,0.9054897408521415,0.8069119669876204,0.048824072058377924,N/A,N/A,N/A,N/A,0.9991452991452991,0.7236149798823893,0.8393466164063902,bd778a28d251fd1b45960f3caec8f5b51d0ed0178c4e4f46e06d2b40948e4517,13785701,docs/es/reproducibilidad/evidencia/multiseed_source_stability/manifest_references.json,Holdout externo: fuente ausente de train y validation
loso_multicrop_shufflenet_seed_123,shufflenet_v2_x1_0,loso_multicrop_disease_maiz,123,loso_holdout,multicrop-disease-maiz,0.9514288827915434,N/A,0.8865053162480726,0.796079779917469,0.038414106567222404,N/A,N/A,N/A,N/A,0.9980514419329696,0.7926338594862272,0.8835604623080904,76d842db5f599a3e299fa4d069e501fab85dbdd0b6c205c9bc9598cbdc3bc6a7,5221267,docs/es/reproducibilidad/evidencia/ensemble_loso/manifest_checkpoint_references.json,"Miembro del ensamble LOSO; fusión uniforme, sin tuning de pesos"
loso_multicrop_shufflenet_seed_2026,shufflenet_v2_x1_0,loso_multicrop_disease_maiz,2026,loso_holdout,multicrop-disease-maiz,0.9476770029839311,N/A,0.8880094137390578,0.8007221458046767,0.03876981261395112,N/A,N/A,N/A,N/A,0.9984680199157412,0.8068709377901578,0.8925025676138308,ffca186457e87ed22458440f4307fcf90585a76c23fdc42eb195cc5ba2179b49,5221267,docs/es/reproducibilidad/evidencia/ensemble_loso/manifest_checkpoint_references.json,"Miembro del ensamble LOSO; fusión uniforme, sin tuning de pesos"
loso_multicrop_shufflenet_seed_42,shufflenet_v2_x1_0,loso_multicrop_disease_maiz,42,loso_holdout,multicrop-disease-maiz,0.9498492744773386,N/A,0.9130365616201179,0.84353507565337,0.045709139112757174,N/A,N/A,N/A,N/A,0.998196898665705,0.8567007118539152,0.9220519653564292,bd1e33c6760ea5f56de4a4b8c9dbbd7513137f974af70798309c282679d69f19,5221267,docs/es/reproducibilidad/evidencia/ensemble_loso/manifest_checkpoint_references.json,"Miembro del ensamble LOSO; fusión uniforme, sin tuning de pesos"
historical_standard_ensemble,soft_voting_lite0_b0_shufflenet,historical_standard,N/A,standard_test,N/A,N/A,0.9566569450594972,N/A,0.982851445663011,N/A,N/A,N/A,N/A,N/A,N/A,N/A,N/A,N/A,N/A,docs/es/resultados/evidencia/ensamble_resumen.json,Composición histórica; Lite0 desplegado no disponible en este respaldo
loso_multicrop_ensemble_seed_42,soft_voting_lite0_b0_shufflenet,loso_multicrop_disease_maiz,42,loso_holdout,multicrop-disease-maiz,N/A,N/A,0.9300553003420053,0.8464580467675378,0.08440886631075092,N/A,N/A,N/A,N/A,0.9992263056092844,0.7994428969359332,0.8882393397524071,N/A,N/A,docs/es/reproducibilidad/evidencia/ensemble_loso/ensemble_component_results.csv,Composición de tres checkpoints verificados de la misma seed; sin checkpoint único
loso_multicrop_ensemble_seed_123,soft_voting_lite0_b0_shufflenet,loso_multicrop_disease_maiz,123,loso_holdout,multicrop-disease-maiz,N/A,N/A,0.9315685828529962,0.8519601100412655,0.0963447864693903,N/A,N/A,N/A,N/A,0.9992401215805472,0.8139894769421232,0.897151628858946,N/A,N/A,docs/es/reproducibilidad/evidencia/ensemble_loso/ensemble_component_results.csv,Composición de tres checkpoints verificados de la misma seed; sin checkpoint único
loso_multicrop_ensemble_seed_2026,soft_voting_lite0_b0_shufflenet,loso_multicrop_disease_maiz,2026,loso_holdout,multicrop-disease-maiz,N/A,N/A,0.9237132702792837,0.8392365887207703,0.08651036843708734,N/A,N/A,N/A,N/A,0.9992211838006232,0.794181367997524,0.8849801689946543,N/A,N/A,docs/es/reproducibilidad/evidencia/ensemble_loso/ensemble_component_results.csv,Composición de tres checkpoints verificados de la misma seed; sin checkpoint único
