model_id,architecture,experiment,seed,holdout,run_id,checkpoint_filename,checkpoint_sha256,best_epoch,validation_macro_f1,final_macro_f1,status,original_modal_path,local_path,source_local_path,size_bytes
baseline_lite0_seed_123,efficientnet_lite0,standard_baseline,123,N/A,20261001_140756,best.pth,19a9f860352fc8812f7d4d3f9aedef68ff4b52175e0b48ee757a133d409cb053,39,0.9602806296695433,0.9378669337746239,VERIFIED,corn-outputs:/multiseed/source_stability/baseline/seed_123/runs/efficientnet_lite0/20261001_140756/best.pth,baseline_lite0/seed_123/best.pth,outputs/multiseed/source_stability/baseline/seed_123/runs/efficientnet_lite0/20261001_140756/best.pth,13785701
baseline_lite0_seed_2026,efficientnet_lite0,standard_baseline,2026,N/A,20261001_145025,best.pth,6a2b302307101cd55414e7633d8755c5e584d5cceb4734ff241e8c0b5829ba51,45,0.9528559408010293,0.9445972494882022,VERIFIED,corn-outputs:/multiseed/source_stability/baseline/seed_2026/runs/efficientnet_lite0/20261001_145025/best.pth,baseline_lite0/seed_2026/best.pth,outputs/multiseed/source_stability/baseline/seed_2026/runs/efficientnet_lite0/20261001_145025/best.pth,13785701
baseline_lite0_seed_42,efficientnet_lite0,standard_baseline,42,N/A,20260921_204608,best.pth,860180f33bf1749ffee9f3cccb9569a47afd9ca0fcef52713e18f99f82a57859,39,0.9560862657056215,0.9480021439111501,VERIFIED,corn-outputs:/main/efficientnet_lite0/20260921_204608/best.pth,baseline_lite0/seed_42/best.pth,outputs/archives/DoctorMaiz_efficientnet_lite0_20260921_204608/efficientnet_lite0/20260921_204608/best.pth,13785701
historical_standard_b0_20260910_170120,efficientnet_b0,historical_standard,N/A,N/A,20260910_170120,best.pth,0e367a5318c068c9bcc90a6bec0d17a0b029251ca5f98400034bd09de7524fdb,28,0.9609821587082761,0.9483330101876505,VERIFIED,N/A,historical_standard/b0/best.pth,outputs/outputs-11092026/main/efficientnet_b0/20260910_170120/best.pth,16355557
historical_standard_shufflenet_20260910_184521,shufflenet_v2_x1_0,historical_standard,N/A,N/A,20260910_184521,best.pth,b681a3fd5fffaa5d078802369dff04b46c91cbfed7b333ea80c9d6965fd82c9e,23,0.9502494685021711,0.9329803745633506,VERIFIED,N/A,historical_standard/shufflenet/best.pth,outputs/outputs-11092026/main/shufflenet_v2_x1_0/20260910_184521/best.pth,5221267
hpo_lite0_trial_000_seed_42,efficientnet_lite0,hpo_trial_0,42,N/A,trial_000,best.pth,ae39a1c4a8b757021ec2c34a856d6fb484bf801a6adc3bfb71860d58e9d81471,44,0.9572922254288656,0.9431250727951999,VERIFIED,corn-outputs:/hpo/efficientnet_lite0/efficientnet_lite0_seed42_hpo_v1/trials/trial_000/best.pth,hpo_lite0/trial_000/best.pth,outputs/hpo-backups/amended-budget25/trials/trial_000/best.pth,13801629
loso_maize_diseases_lite0_seed_123,efficientnet_lite0,loso_maize_diseases,123,maize-diseases,20261001_160256,best.pth,4f2d8e86ac7eb1ddd57f3593f8a187c983931f860247fbcca6d5be1a24a7e345,27,0.9522761183203122,0.992747338587213,VERIFIED,corn-outputs:/loso/efficientnet_lite0_baseline/maize-diseases/seed_123/runs/efficientnet_lite0/20261001_160256/best.pth,loso_maize_diseases/lite0/seed_123/best.pth,outputs/loso/efficientnet_lite0_baseline/maize-diseases/seed_123/runs/efficientnet_lite0/20261001_160256/best.pth,13785701
loso_maize_diseases_lite0_seed_2026,efficientnet_lite0,loso_maize_diseases,2026,maize-diseases,20261001_163145,best.pth,50199b9d3a46709f6d1cdc57142593ec883782ca94a22f3ea7e0740a44e292f6,29,0.9545757418151157,0.9939218919227909,VERIFIED,corn-outputs:/loso/efficientnet_lite0_baseline/maize-diseases/seed_2026/runs/efficientnet_lite0/20261001_163145/best.pth,loso_maize_diseases/lite0/seed_2026/best.pth,outputs/loso/efficientnet_lite0_baseline/maize-diseases/seed_2026/runs/efficientnet_lite0/20261001_163145/best.pth,13785701
loso_maize_diseases_lite0_seed_42,efficientnet_lite0,loso_maize_diseases,42,maize-diseases,20260930_144843,best.pth,b16b1ef8bb4285f65be020272845b6c927057103bf177a290311f186de101dcc,15,0.9489747671307414,0.9931239869074601,VERIFIED,corn-outputs:/loso/efficientnet_lite0_baseline/maize-diseases/seed_42/runs/efficientnet_lite0/20260930_144843/best.pth,loso_maize_diseases/lite0/seed_42/best.pth,outputs/loso/efficientnet_lite0_baseline/maize-diseases/seed_42/runs/efficientnet_lite0/20260930_144843/best.pth,13785701
loso_multicrop_b0_seed_123,efficientnet_b0,loso_multicrop_disease_maiz,123,multicrop-disease-maiz,20261002_153038,best.pth,493ae44e472e288239b0ad934b6d1a5be167dcd00c5473bdf13f9451539c586a,24,0.95788221585789,0.9347849399268983,VERIFIED,corn-outputs:/ensemble_loso/multicrop-disease-maiz/seed_123/efficientnet_b0/runs/efficientnet_b0/20261002_153038/best.pth,loso_multicrop/b0/seed_123/best.pth,outputs/ensemble_loso/multicrop-disease-maiz/seed_123/efficientnet_b0/runs/efficientnet_b0/20261002_153038/best.pth,16355557
loso_multicrop_b0_seed_2026,efficientnet_b0,loso_multicrop_disease_maiz,2026,multicrop-disease-maiz,20261002_162642,best.pth,de79eadbfd72c08a388618593006fdc5d227aba0b17d254dfdb6dd8134ed4992,30,0.9623945664268911,0.9198307646811937,VERIFIED,corn-outputs:/ensemble_loso/multicrop-disease-maiz/seed_2026/efficientnet_b0/runs/efficientnet_b0/20261002_162642/best.pth,loso_multicrop/b0/seed_2026/best.pth,outputs/ensemble_loso/multicrop-disease-maiz/seed_2026/efficientnet_b0/runs/efficientnet_b0/20261002_162642/best.pth,16355557
loso_multicrop_b0_seed_42,efficientnet_b0,loso_multicrop_disease_maiz,42,multicrop-disease-maiz,20261002_143310,best.pth,6211ebd734a1cd08b7026347e5fa8591457b56a981674e76dcc209203dd1be95,28,0.9582914464860303,0.9173183288803907,VERIFIED,corn-outputs:/ensemble_loso/multicrop-disease-maiz/seed_42/efficientnet_b0/runs/efficientnet_b0/20261002_143310/best.pth,loso_multicrop/b0/seed_42/best.pth,outputs/ensemble_loso/multicrop-disease-maiz/seed_42/efficientnet_b0/runs/efficientnet_b0/20261002_143310/best.pth,16355557
loso_multicrop_disease_maiz_lite0_seed_123,efficientnet_lite0,loso_multicrop_disease_maiz,123,multicrop-disease-maiz,20261001_170150,best.pth,3bb36aeb4b4328f0552a606a76d8b8455a7a1fea1c5fc288784dfa8be35b0863,28,0.9510067469971923,0.8969639796946209,VERIFIED,corn-outputs:/loso/efficientnet_lite0_baseline/multicrop-disease-maiz/seed_123/runs/efficientnet_lite0/20261001_170150/best.pth,loso_multicrop/lite0/seed_123/best.pth,outputs/loso/efficientnet_lite0_baseline/multicrop-disease-maiz/seed_123/runs/efficientnet_lite0/20261001_170150/best.pth,13785701
loso_multicrop_disease_maiz_lite0_seed_2026,efficientnet_lite0,loso_multicrop_disease_maiz,2026,multicrop-disease-maiz,20261001_173226,best.pth,d38fc9f91adffc6943abcdf72bb8ef4951ca18c98bc2f1be6de3d723bc193c43,43,0.9593519318239934,0.9032644831231368,VERIFIED,corn-outputs:/loso/efficientnet_lite0_baseline/multicrop-disease-maiz/seed_2026/runs/efficientnet_lite0/20261001_173226/best.pth,loso_multicrop/lite0/seed_2026/best.pth,outputs/loso/efficientnet_lite0_baseline/multicrop-disease-maiz/seed_2026/runs/efficientnet_lite0/20261001_173226/best.pth,13785701
loso_multicrop_disease_maiz_lite0_seed_42,efficientnet_lite0,loso_multicrop_disease_maiz,42,multicrop-disease-maiz,20260930_145541,best.pth,bd778a28d251fd1b45960f3caec8f5b51d0ed0178c4e4f46e06d2b40948e4517,42,0.9524884042075362,0.9054897408521415,VERIFIED,corn-outputs:/loso/efficientnet_lite0_baseline/multicrop-disease-maiz/seed_42/runs/efficientnet_lite0/20260930_145541/best.pth,loso_multicrop/lite0/seed_42/best.pth,outputs/loso/efficientnet_lite0_baseline/multicrop-disease-maiz/seed_42/runs/efficientnet_lite0/20260930_145541/best.pth,13785701
loso_multicrop_shufflenet_seed_123,shufflenet_v2_x1_0,loso_multicrop_disease_maiz,123,multicrop-disease-maiz,20261002_160041,best.pth,76d842db5f599a3e299fa4d069e501fab85dbdd0b6c205c9bc9598cbdc3bc6a7,33,0.9514288827915434,0.8865053162480726,VERIFIED,corn-outputs:/ensemble_loso/multicrop-disease-maiz/seed_123/shufflenet_v2_x1_0/runs/shufflenet_v2_x1_0/20261002_160041/best.pth,loso_multicrop/shufflenet/seed_123/best.pth,outputs/ensemble_loso/multicrop-disease-maiz/seed_123/shufflenet_v2_x1_0/runs/shufflenet_v2_x1_0/20261002_160041/best.pth,5221267
loso_multicrop_shufflenet_seed_2026,shufflenet_v2_x1_0,loso_multicrop_disease_maiz,2026,multicrop-disease-maiz,20261002_165936,best.pth,ffca186457e87ed22458440f4307fcf90585a76c23fdc42eb195cc5ba2179b49,22,0.9476770029839311,0.8880094137390578,VERIFIED,corn-outputs:/ensemble_loso/multicrop-disease-maiz/seed_2026/shufflenet_v2_x1_0/runs/shufflenet_v2_x1_0/20261002_165936/best.pth,loso_multicrop/shufflenet/seed_2026/best.pth,outputs/ensemble_loso/multicrop-disease-maiz/seed_2026/shufflenet_v2_x1_0/runs/shufflenet_v2_x1_0/20261002_165936/best.pth,5221267
loso_multicrop_shufflenet_seed_42,shufflenet_v2_x1_0,loso_multicrop_disease_maiz,42,multicrop-disease-maiz,20261002_150615,best.pth,bd1e33c6760ea5f56de4a4b8c9dbbd7513137f974af70798309c282679d69f19,25,0.9498492744773386,0.9130365616201179,VERIFIED,corn-outputs:/ensemble_loso/multicrop-disease-maiz/seed_42/shufflenet_v2_x1_0/runs/shufflenet_v2_x1_0/20261002_150615/best.pth,loso_multicrop/shufflenet/seed_42/best.pth,outputs/ensemble_loso/multicrop-disease-maiz/seed_42/shufflenet_v2_x1_0/runs/shufflenet_v2_x1_0/20261002_150615/best.pth,5221267
