source_id,support,classes_present,baseline_macro_f1,hpo_macro_f1,delta_hpo_minus_baseline,split
cropdg-unified-multidomain,410,gray_leaf_spot;healthy;northern_corn_leaf_blight,0.9234498115793079,0.9433787691036762,0.019928957524368296,validation
corn-leaf-diseases-classification-roboflow,71,gray_leaf_spot,0.9929078014184397,1.0,0.007092198581560294,validation
maize-beans-tomatoes-africa,1837,fall_armyworm;healthy;lethal_necrosis;northern_corn_leaf_blight,0.9922180994199916,0.9926451221298845,0.00042702270989292135,validation
multicrop-disease-maiz,864,common_rust;fall_armyworm;lethal_necrosis,0.9972173913043477,0.9975808903365907,0.0003634990322429754,validation
maize-leaf-roboflow,52,gray_leaf_spot,0.9902912621359223,0.9902912621359223,0.0,validation
maize-deficiency-scanner-roboflow,26,nitrogen_deficiency;phosphorus_deficiency;potassium_deficiency,0.9645191409897292,0.9645191409897292,0.0,validation
maize-diseases,1047,common_rust;healthy;northern_corn_leaf_blight,0.9978925393906257,0.9951522662393466,-0.0027402731512791156,validation
corn-leaf-roboflow,400,fall_armyworm;healthy;nitrogen_deficiency;northern_corn_leaf_blight;phosphorus_deficiency;potassium_deficiency,0.9024254746994339,0.899256723887376,-0.003168750812057919,validation
maize-2-roboflow,126,nitrogen_deficiency;phosphorus_deficiency;potassium_deficiency,0.9365464120204644,0.9319070768027267,-0.004639335217737739,validation
maize-nutrient-deficiency,58,healthy;nitrogen_deficiency;phosphorus_deficiency;potassium_deficiency,0.9609800362976406,0.9356974336751889,-0.025282602622451744,validation
maize-in-field-dataset,123,common_rust;gray_leaf_spot;northern_corn_leaf_blight,0.8982395382395382,0.8373912535762247,-0.06084828466331349,validation
maize-deficiency-scanner-roboflow,25,nitrogen_deficiency;phosphorus_deficiency;potassium_deficiency,0.8383068783068782,0.8719715956558062,0.03366471734892795,test
maize-2-roboflow,127,nitrogen_deficiency;phosphorus_deficiency;potassium_deficiency,0.8649489397979359,0.8755921619293713,0.010643222131435426,test
multicrop-disease-maiz,880,common_rust;fall_armyworm;lethal_necrosis,0.9958311704043595,0.9961395818235301,0.00030841141917059556,test
maize-nutrient-deficiency,41,healthy;nitrogen_deficiency;phosphorus_deficiency;potassium_deficiency,0.9534632034632035,0.9534632034632035,0.0,test
maize-diseases,1061,common_rust;healthy;northern_corn_leaf_blight,0.9984492283672611,0.9984492283672611,0.0,test
corn-leaf-diseases-classification-roboflow,67,gray_leaf_spot,1.0,1.0,0.0,test
maize-leaf-roboflow,52,gray_leaf_spot,1.0,1.0,0.0,test
cropdg-unified-multidomain,376,gray_leaf_spot;healthy;northern_corn_leaf_blight,0.9399156799878822,0.9381382560879811,-0.0017774238999010983,test
maize-beans-tomatoes-africa,1812,fall_armyworm;healthy;lethal_necrosis;northern_corn_leaf_blight,0.9948182372681742,0.9904615301838094,-0.004356707084364753,test
maize-in-field-dataset,136,common_rust;gray_leaf_spot;northern_corn_leaf_blight,0.79942616853306,0.7851465818595162,-0.014279586673543787,test
corn-leaf-roboflow,438,fall_armyworm;healthy;nitrogen_deficiency;northern_corn_leaf_blight;phosphorus_deficiency;potassium_deficiency,0.9146342543145612,0.9001432994739983,-0.014490954840562953,test
