split,model,source_id,true_label,pred_label,count,row_normalized
validation,baseline,corn-leaf-roboflow,fall_armyworm,common_rust,0,0.0
validation,baseline,corn-leaf-roboflow,fall_armyworm,fall_armyworm,101,0.9439252336448598
validation,baseline,corn-leaf-roboflow,fall_armyworm,gray_leaf_spot,1,0.009345794392523364
validation,baseline,corn-leaf-roboflow,fall_armyworm,healthy,3,0.028037383177570093
validation,baseline,corn-leaf-roboflow,fall_armyworm,lethal_necrosis,0,0.0
validation,baseline,corn-leaf-roboflow,fall_armyworm,nitrogen_deficiency,0,0.0
validation,baseline,corn-leaf-roboflow,fall_armyworm,northern_corn_leaf_blight,2,0.018691588785046728
validation,baseline,corn-leaf-roboflow,fall_armyworm,phosphorus_deficiency,0,0.0
validation,baseline,corn-leaf-roboflow,fall_armyworm,potassium_deficiency,0,0.0
validation,baseline,corn-leaf-roboflow,healthy,common_rust,0,0.0
validation,baseline,corn-leaf-roboflow,healthy,fall_armyworm,1,0.016666666666666666
validation,baseline,corn-leaf-roboflow,healthy,gray_leaf_spot,0,0.0
validation,baseline,corn-leaf-roboflow,healthy,healthy,59,0.9833333333333333
validation,baseline,corn-leaf-roboflow,healthy,lethal_necrosis,0,0.0
validation,baseline,corn-leaf-roboflow,healthy,nitrogen_deficiency,0,0.0
validation,baseline,corn-leaf-roboflow,healthy,northern_corn_leaf_blight,0,0.0
validation,baseline,corn-leaf-roboflow,healthy,phosphorus_deficiency,0,0.0
validation,baseline,corn-leaf-roboflow,healthy,potassium_deficiency,0,0.0
validation,baseline,corn-leaf-roboflow,nitrogen_deficiency,common_rust,0,0.0
validation,baseline,corn-leaf-roboflow,nitrogen_deficiency,fall_armyworm,0,0.0
validation,baseline,corn-leaf-roboflow,nitrogen_deficiency,gray_leaf_spot,0,0.0
validation,baseline,corn-leaf-roboflow,nitrogen_deficiency,healthy,0,0.0
validation,baseline,corn-leaf-roboflow,nitrogen_deficiency,lethal_necrosis,0,0.0
validation,baseline,corn-leaf-roboflow,nitrogen_deficiency,nitrogen_deficiency,57,0.890625
validation,baseline,corn-leaf-roboflow,nitrogen_deficiency,northern_corn_leaf_blight,0,0.0
validation,baseline,corn-leaf-roboflow,nitrogen_deficiency,phosphorus_deficiency,0,0.0
validation,baseline,corn-leaf-roboflow,nitrogen_deficiency,potassium_deficiency,7,0.109375
validation,baseline,corn-leaf-roboflow,northern_corn_leaf_blight,common_rust,0,0.0
validation,baseline,corn-leaf-roboflow,northern_corn_leaf_blight,fall_armyworm,1,0.014084507042253521
validation,baseline,corn-leaf-roboflow,northern_corn_leaf_blight,gray_leaf_spot,0,0.0
validation,baseline,corn-leaf-roboflow,northern_corn_leaf_blight,healthy,0,0.0
validation,baseline,corn-leaf-roboflow,northern_corn_leaf_blight,lethal_necrosis,0,0.0
validation,baseline,corn-leaf-roboflow,northern_corn_leaf_blight,nitrogen_deficiency,2,0.028169014084507043
validation,baseline,corn-leaf-roboflow,northern_corn_leaf_blight,northern_corn_leaf_blight,68,0.9577464788732394
validation,baseline,corn-leaf-roboflow,northern_corn_leaf_blight,phosphorus_deficiency,0,0.0
validation,baseline,corn-leaf-roboflow,northern_corn_leaf_blight,potassium_deficiency,0,0.0
validation,baseline,corn-leaf-roboflow,phosphorus_deficiency,common_rust,0,0.0
validation,baseline,corn-leaf-roboflow,phosphorus_deficiency,fall_armyworm,1,0.014492753623188406
validation,baseline,corn-leaf-roboflow,phosphorus_deficiency,gray_leaf_spot,0,0.0
validation,baseline,corn-leaf-roboflow,phosphorus_deficiency,healthy,0,0.0
validation,baseline,corn-leaf-roboflow,phosphorus_deficiency,lethal_necrosis,0,0.0
validation,baseline,corn-leaf-roboflow,phosphorus_deficiency,nitrogen_deficiency,0,0.0
validation,baseline,corn-leaf-roboflow,phosphorus_deficiency,northern_corn_leaf_blight,1,0.014492753623188406
validation,baseline,corn-leaf-roboflow,phosphorus_deficiency,phosphorus_deficiency,64,0.927536231884058
validation,baseline,corn-leaf-roboflow,phosphorus_deficiency,potassium_deficiency,3,0.043478260869565216
validation,baseline,corn-leaf-roboflow,potassium_deficiency,common_rust,0,0.0
validation,baseline,corn-leaf-roboflow,potassium_deficiency,fall_armyworm,0,0.0
validation,baseline,corn-leaf-roboflow,potassium_deficiency,gray_leaf_spot,0,0.0
validation,baseline,corn-leaf-roboflow,potassium_deficiency,healthy,0,0.0
validation,baseline,corn-leaf-roboflow,potassium_deficiency,lethal_necrosis,0,0.0
validation,baseline,corn-leaf-roboflow,potassium_deficiency,nitrogen_deficiency,6,0.20689655172413793
validation,baseline,corn-leaf-roboflow,potassium_deficiency,northern_corn_leaf_blight,1,0.034482758620689655
validation,baseline,corn-leaf-roboflow,potassium_deficiency,phosphorus_deficiency,1,0.034482758620689655
validation,baseline,corn-leaf-roboflow,potassium_deficiency,potassium_deficiency,21,0.7241379310344828
validation,baseline,cropdg-unified-multidomain,gray_leaf_spot,common_rust,0,0.0
validation,baseline,cropdg-unified-multidomain,gray_leaf_spot,fall_armyworm,0,0.0
validation,baseline,cropdg-unified-multidomain,gray_leaf_spot,gray_leaf_spot,59,0.7662337662337663
validation,baseline,cropdg-unified-multidomain,gray_leaf_spot,healthy,0,0.0
validation,baseline,cropdg-unified-multidomain,gray_leaf_spot,lethal_necrosis,0,0.0
validation,baseline,cropdg-unified-multidomain,gray_leaf_spot,nitrogen_deficiency,0,0.0
validation,baseline,cropdg-unified-multidomain,gray_leaf_spot,northern_corn_leaf_blight,18,0.23376623376623376
validation,baseline,cropdg-unified-multidomain,gray_leaf_spot,phosphorus_deficiency,0,0.0
validation,baseline,cropdg-unified-multidomain,gray_leaf_spot,potassium_deficiency,0,0.0
validation,baseline,cropdg-unified-multidomain,healthy,common_rust,0,0.0
validation,baseline,cropdg-unified-multidomain,healthy,fall_armyworm,0,0.0
validation,baseline,cropdg-unified-multidomain,healthy,gray_leaf_spot,0,0.0
validation,baseline,cropdg-unified-multidomain,healthy,healthy,200,1.0
validation,baseline,cropdg-unified-multidomain,healthy,lethal_necrosis,0,0.0
validation,baseline,cropdg-unified-multidomain,healthy,nitrogen_deficiency,0,0.0
validation,baseline,cropdg-unified-multidomain,healthy,northern_corn_leaf_blight,0,0.0
validation,baseline,cropdg-unified-multidomain,healthy,phosphorus_deficiency,0,0.0
validation,baseline,cropdg-unified-multidomain,healthy,potassium_deficiency,0,0.0
validation,baseline,cropdg-unified-multidomain,northern_corn_leaf_blight,common_rust,0,0.0
validation,baseline,cropdg-unified-multidomain,northern_corn_leaf_blight,fall_armyworm,1,0.007518796992481203
validation,baseline,cropdg-unified-multidomain,northern_corn_leaf_blight,gray_leaf_spot,3,0.022556390977443608
validation,baseline,cropdg-unified-multidomain,northern_corn_leaf_blight,healthy,0,0.0
validation,baseline,cropdg-unified-multidomain,northern_corn_leaf_blight,lethal_necrosis,0,0.0
validation,baseline,cropdg-unified-multidomain,northern_corn_leaf_blight,nitrogen_deficiency,0,0.0
validation,baseline,cropdg-unified-multidomain,northern_corn_leaf_blight,northern_corn_leaf_blight,129,0.9699248120300752
validation,baseline,cropdg-unified-multidomain,northern_corn_leaf_blight,phosphorus_deficiency,0,0.0
validation,baseline,cropdg-unified-multidomain,northern_corn_leaf_blight,potassium_deficiency,0,0.0
validation,baseline,maize-2-roboflow,nitrogen_deficiency,common_rust,0,0.0
validation,baseline,maize-2-roboflow,nitrogen_deficiency,fall_armyworm,0,0.0
validation,baseline,maize-2-roboflow,nitrogen_deficiency,gray_leaf_spot,0,0.0
validation,baseline,maize-2-roboflow,nitrogen_deficiency,healthy,0,0.0
validation,baseline,maize-2-roboflow,nitrogen_deficiency,lethal_necrosis,0,0.0
validation,baseline,maize-2-roboflow,nitrogen_deficiency,nitrogen_deficiency,35,0.9459459459459459
validation,baseline,maize-2-roboflow,nitrogen_deficiency,northern_corn_leaf_blight,0,0.0
validation,baseline,maize-2-roboflow,nitrogen_deficiency,phosphorus_deficiency,0,0.0
validation,baseline,maize-2-roboflow,nitrogen_deficiency,potassium_deficiency,2,0.05405405405405406
validation,baseline,maize-2-roboflow,phosphorus_deficiency,common_rust,0,0.0
validation,baseline,maize-2-roboflow,phosphorus_deficiency,fall_armyworm,0,0.0
validation,baseline,maize-2-roboflow,phosphorus_deficiency,gray_leaf_spot,0,0.0
validation,baseline,maize-2-roboflow,phosphorus_deficiency,healthy,0,0.0
validation,baseline,maize-2-roboflow,phosphorus_deficiency,lethal_necrosis,0,0.0
validation,baseline,maize-2-roboflow,phosphorus_deficiency,nitrogen_deficiency,1,0.023255813953488372
validation,baseline,maize-2-roboflow,phosphorus_deficiency,northern_corn_leaf_blight,0,0.0
validation,baseline,maize-2-roboflow,phosphorus_deficiency,phosphorus_deficiency,40,0.9302325581395349
validation,baseline,maize-2-roboflow,phosphorus_deficiency,potassium_deficiency,2,0.046511627906976744
validation,baseline,maize-2-roboflow,potassium_deficiency,common_rust,0,0.0
validation,baseline,maize-2-roboflow,potassium_deficiency,fall_armyworm,0,0.0
validation,baseline,maize-2-roboflow,potassium_deficiency,gray_leaf_spot,0,0.0
validation,baseline,maize-2-roboflow,potassium_deficiency,healthy,0,0.0
validation,baseline,maize-2-roboflow,potassium_deficiency,lethal_necrosis,0,0.0
validation,baseline,maize-2-roboflow,potassium_deficiency,nitrogen_deficiency,3,0.06521739130434782
validation,baseline,maize-2-roboflow,potassium_deficiency,northern_corn_leaf_blight,0,0.0
validation,baseline,maize-2-roboflow,potassium_deficiency,phosphorus_deficiency,0,0.0
validation,baseline,maize-2-roboflow,potassium_deficiency,potassium_deficiency,43,0.9347826086956522
validation,baseline,maize-beans-tomatoes-africa,fall_armyworm,common_rust,0,0.0
validation,baseline,maize-beans-tomatoes-africa,fall_armyworm,fall_armyworm,365,0.9864864864864865
validation,baseline,maize-beans-tomatoes-africa,fall_armyworm,gray_leaf_spot,0,0.0
validation,baseline,maize-beans-tomatoes-africa,fall_armyworm,healthy,5,0.013513513513513514
validation,baseline,maize-beans-tomatoes-africa,fall_armyworm,lethal_necrosis,0,0.0
validation,baseline,maize-beans-tomatoes-africa,fall_armyworm,nitrogen_deficiency,0,0.0
validation,baseline,maize-beans-tomatoes-africa,fall_armyworm,northern_corn_leaf_blight,0,0.0
validation,baseline,maize-beans-tomatoes-africa,fall_armyworm,phosphorus_deficiency,0,0.0
validation,baseline,maize-beans-tomatoes-africa,fall_armyworm,potassium_deficiency,0,0.0
validation,baseline,maize-beans-tomatoes-africa,healthy,common_rust,0,0.0
validation,baseline,maize-beans-tomatoes-africa,healthy,fall_armyworm,1,0.003215434083601286
validation,baseline,maize-beans-tomatoes-africa,healthy,gray_leaf_spot,0,0.0
validation,baseline,maize-beans-tomatoes-africa,healthy,healthy,310,0.9967845659163987
validation,baseline,maize-beans-tomatoes-africa,healthy,lethal_necrosis,0,0.0
validation,baseline,maize-beans-tomatoes-africa,healthy,nitrogen_deficiency,0,0.0
validation,baseline,maize-beans-tomatoes-africa,healthy,northern_corn_leaf_blight,0,0.0
validation,baseline,maize-beans-tomatoes-africa,healthy,phosphorus_deficiency,0,0.0
validation,baseline,maize-beans-tomatoes-africa,healthy,potassium_deficiency,0,0.0
validation,baseline,maize-beans-tomatoes-africa,lethal_necrosis,common_rust,0,0.0
validation,baseline,maize-beans-tomatoes-africa,lethal_necrosis,fall_armyworm,0,0.0
validation,baseline,maize-beans-tomatoes-africa,lethal_necrosis,gray_leaf_spot,0,0.0
validation,baseline,maize-beans-tomatoes-africa,lethal_necrosis,healthy,4,0.008
validation,baseline,maize-beans-tomatoes-africa,lethal_necrosis,lethal_necrosis,496,0.992
validation,baseline,maize-beans-tomatoes-africa,lethal_necrosis,nitrogen_deficiency,0,0.0
validation,baseline,maize-beans-tomatoes-africa,lethal_necrosis,northern_corn_leaf_blight,0,0.0
validation,baseline,maize-beans-tomatoes-africa,lethal_necrosis,phosphorus_deficiency,0,0.0
validation,baseline,maize-beans-tomatoes-africa,lethal_necrosis,potassium_deficiency,0,0.0
validation,baseline,maize-beans-tomatoes-africa,northern_corn_leaf_blight,common_rust,0,0.0
validation,baseline,maize-beans-tomatoes-africa,northern_corn_leaf_blight,fall_armyworm,0,0.0
validation,baseline,maize-beans-tomatoes-africa,northern_corn_leaf_blight,gray_leaf_spot,0,0.0
validation,baseline,maize-beans-tomatoes-africa,northern_corn_leaf_blight,healthy,1,0.001524390243902439
validation,baseline,maize-beans-tomatoes-africa,northern_corn_leaf_blight,lethal_necrosis,0,0.0
validation,baseline,maize-beans-tomatoes-africa,northern_corn_leaf_blight,nitrogen_deficiency,1,0.001524390243902439
validation,baseline,maize-beans-tomatoes-africa,northern_corn_leaf_blight,northern_corn_leaf_blight,654,0.9969512195121951
validation,baseline,maize-beans-tomatoes-africa,northern_corn_leaf_blight,phosphorus_deficiency,0,0.0
validation,baseline,maize-beans-tomatoes-africa,northern_corn_leaf_blight,potassium_deficiency,0,0.0
validation,baseline,maize-diseases,common_rust,common_rust,170,0.9941520467836257
validation,baseline,maize-diseases,common_rust,fall_armyworm,0,0.0
validation,baseline,maize-diseases,common_rust,gray_leaf_spot,0,0.0
validation,baseline,maize-diseases,common_rust,healthy,0,0.0
validation,baseline,maize-diseases,common_rust,lethal_necrosis,0,0.0
validation,baseline,maize-diseases,common_rust,nitrogen_deficiency,0,0.0
validation,baseline,maize-diseases,common_rust,northern_corn_leaf_blight,1,0.005847953216374269
validation,baseline,maize-diseases,common_rust,phosphorus_deficiency,0,0.0
validation,baseline,maize-diseases,common_rust,potassium_deficiency,0,0.0
validation,baseline,maize-diseases,healthy,common_rust,0,0.0
validation,baseline,maize-diseases,healthy,fall_armyworm,0,0.0
validation,baseline,maize-diseases,healthy,gray_leaf_spot,0,0.0
validation,baseline,maize-diseases,healthy,healthy,729,1.0
validation,baseline,maize-diseases,healthy,lethal_necrosis,0,0.0
validation,baseline,maize-diseases,healthy,nitrogen_deficiency,0,0.0
validation,baseline,maize-diseases,healthy,northern_corn_leaf_blight,0,0.0
validation,baseline,maize-diseases,healthy,phosphorus_deficiency,0,0.0
validation,baseline,maize-diseases,healthy,potassium_deficiency,0,0.0
validation,baseline,maize-diseases,northern_corn_leaf_blight,common_rust,0,0.0
validation,baseline,maize-diseases,northern_corn_leaf_blight,fall_armyworm,0,0.0
validation,baseline,maize-diseases,northern_corn_leaf_blight,gray_leaf_spot,0,0.0
validation,baseline,maize-diseases,northern_corn_leaf_blight,healthy,0,0.0
validation,baseline,maize-diseases,northern_corn_leaf_blight,lethal_necrosis,0,0.0
validation,baseline,maize-diseases,northern_corn_leaf_blight,nitrogen_deficiency,0,0.0
validation,baseline,maize-diseases,northern_corn_leaf_blight,northern_corn_leaf_blight,147,1.0
validation,baseline,maize-diseases,northern_corn_leaf_blight,phosphorus_deficiency,0,0.0
validation,baseline,maize-diseases,northern_corn_leaf_blight,potassium_deficiency,0,0.0
validation,baseline,maize-in-field-dataset,common_rust,common_rust,15,0.9375
validation,baseline,maize-in-field-dataset,common_rust,fall_armyworm,0,0.0
validation,baseline,maize-in-field-dataset,common_rust,gray_leaf_spot,1,0.0625
validation,baseline,maize-in-field-dataset,common_rust,healthy,0,0.0
validation,baseline,maize-in-field-dataset,common_rust,lethal_necrosis,0,0.0
validation,baseline,maize-in-field-dataset,common_rust,nitrogen_deficiency,0,0.0
validation,baseline,maize-in-field-dataset,common_rust,northern_corn_leaf_blight,0,0.0
validation,baseline,maize-in-field-dataset,common_rust,phosphorus_deficiency,0,0.0
validation,baseline,maize-in-field-dataset,common_rust,potassium_deficiency,0,0.0
validation,baseline,maize-in-field-dataset,gray_leaf_spot,common_rust,1,0.011111111111111112
validation,baseline,maize-in-field-dataset,gray_leaf_spot,fall_armyworm,3,0.03333333333333333
validation,baseline,maize-in-field-dataset,gray_leaf_spot,gray_leaf_spot,82,0.9111111111111111
validation,baseline,maize-in-field-dataset,gray_leaf_spot,healthy,2,0.022222222222222223
validation,baseline,maize-in-field-dataset,gray_leaf_spot,lethal_necrosis,0,0.0
validation,baseline,maize-in-field-dataset,gray_leaf_spot,nitrogen_deficiency,0,0.0
validation,baseline,maize-in-field-dataset,gray_leaf_spot,northern_corn_leaf_blight,2,0.022222222222222223
validation,baseline,maize-in-field-dataset,gray_leaf_spot,phosphorus_deficiency,0,0.0
validation,baseline,maize-in-field-dataset,gray_leaf_spot,potassium_deficiency,0,0.0
validation,baseline,maize-in-field-dataset,northern_corn_leaf_blight,common_rust,1,0.058823529411764705
validation,baseline,maize-in-field-dataset,northern_corn_leaf_blight,fall_armyworm,0,0.0
validation,baseline,maize-in-field-dataset,northern_corn_leaf_blight,gray_leaf_spot,2,0.11764705882352941
validation,baseline,maize-in-field-dataset,northern_corn_leaf_blight,healthy,0,0.0
validation,baseline,maize-in-field-dataset,northern_corn_leaf_blight,lethal_necrosis,0,0.0
validation,baseline,maize-in-field-dataset,northern_corn_leaf_blight,nitrogen_deficiency,0,0.0
validation,baseline,maize-in-field-dataset,northern_corn_leaf_blight,northern_corn_leaf_blight,14,0.8235294117647058
validation,baseline,maize-in-field-dataset,northern_corn_leaf_blight,phosphorus_deficiency,0,0.0
validation,baseline,maize-in-field-dataset,northern_corn_leaf_blight,potassium_deficiency,0,0.0
validation,baseline,multicrop-disease-maiz,common_rust,common_rust,151,1.0
validation,baseline,multicrop-disease-maiz,common_rust,fall_armyworm,0,0.0
validation,baseline,multicrop-disease-maiz,common_rust,gray_leaf_spot,0,0.0
validation,baseline,multicrop-disease-maiz,common_rust,healthy,0,0.0
validation,baseline,multicrop-disease-maiz,common_rust,lethal_necrosis,0,0.0
validation,baseline,multicrop-disease-maiz,common_rust,nitrogen_deficiency,0,0.0
validation,baseline,multicrop-disease-maiz,common_rust,northern_corn_leaf_blight,0,0.0
validation,baseline,multicrop-disease-maiz,common_rust,phosphorus_deficiency,0,0.0
validation,baseline,multicrop-disease-maiz,common_rust,potassium_deficiency,0,0.0
validation,baseline,multicrop-disease-maiz,fall_armyworm,common_rust,0,0.0
validation,baseline,multicrop-disease-maiz,fall_armyworm,fall_armyworm,249,0.9920318725099602
validation,baseline,multicrop-disease-maiz,fall_armyworm,gray_leaf_spot,0,0.0
validation,baseline,multicrop-disease-maiz,fall_armyworm,healthy,2,0.00796812749003984
validation,baseline,multicrop-disease-maiz,fall_armyworm,lethal_necrosis,0,0.0
validation,baseline,multicrop-disease-maiz,fall_armyworm,nitrogen_deficiency,0,0.0
validation,baseline,multicrop-disease-maiz,fall_armyworm,northern_corn_leaf_blight,0,0.0
validation,baseline,multicrop-disease-maiz,fall_armyworm,phosphorus_deficiency,0,0.0
validation,baseline,multicrop-disease-maiz,fall_armyworm,potassium_deficiency,0,0.0
validation,baseline,multicrop-disease-maiz,lethal_necrosis,common_rust,0,0.0
validation,baseline,multicrop-disease-maiz,lethal_necrosis,fall_armyworm,0,0.0
validation,baseline,multicrop-disease-maiz,lethal_necrosis,gray_leaf_spot,1,0.0021645021645021645
validation,baseline,multicrop-disease-maiz,lethal_necrosis,healthy,3,0.006493506493506494
validation,baseline,multicrop-disease-maiz,lethal_necrosis,lethal_necrosis,458,0.9913419913419913
validation,baseline,multicrop-disease-maiz,lethal_necrosis,nitrogen_deficiency,0,0.0
validation,baseline,multicrop-disease-maiz,lethal_necrosis,northern_corn_leaf_blight,0,0.0
validation,baseline,multicrop-disease-maiz,lethal_necrosis,phosphorus_deficiency,0,0.0
validation,baseline,multicrop-disease-maiz,lethal_necrosis,potassium_deficiency,0,0.0
validation,hpo_trial_0,corn-leaf-roboflow,fall_armyworm,common_rust,0,0.0
validation,hpo_trial_0,corn-leaf-roboflow,fall_armyworm,fall_armyworm,100,0.9345794392523364
validation,hpo_trial_0,corn-leaf-roboflow,fall_armyworm,gray_leaf_spot,0,0.0
validation,hpo_trial_0,corn-leaf-roboflow,fall_armyworm,healthy,3,0.028037383177570093
validation,hpo_trial_0,corn-leaf-roboflow,fall_armyworm,lethal_necrosis,0,0.0
validation,hpo_trial_0,corn-leaf-roboflow,fall_armyworm,nitrogen_deficiency,0,0.0
validation,hpo_trial_0,corn-leaf-roboflow,fall_armyworm,northern_corn_leaf_blight,3,0.028037383177570093
validation,hpo_trial_0,corn-leaf-roboflow,fall_armyworm,phosphorus_deficiency,0,0.0
validation,hpo_trial_0,corn-leaf-roboflow,fall_armyworm,potassium_deficiency,1,0.009345794392523364
validation,hpo_trial_0,corn-leaf-roboflow,healthy,common_rust,0,0.0
validation,hpo_trial_0,corn-leaf-roboflow,healthy,fall_armyworm,1,0.016666666666666666
validation,hpo_trial_0,corn-leaf-roboflow,healthy,gray_leaf_spot,0,0.0
validation,hpo_trial_0,corn-leaf-roboflow,healthy,healthy,59,0.9833333333333333
validation,hpo_trial_0,corn-leaf-roboflow,healthy,lethal_necrosis,0,0.0
validation,hpo_trial_0,corn-leaf-roboflow,healthy,nitrogen_deficiency,0,0.0
validation,hpo_trial_0,corn-leaf-roboflow,healthy,northern_corn_leaf_blight,0,0.0
validation,hpo_trial_0,corn-leaf-roboflow,healthy,phosphorus_deficiency,0,0.0
validation,hpo_trial_0,corn-leaf-roboflow,healthy,potassium_deficiency,0,0.0
validation,hpo_trial_0,corn-leaf-roboflow,nitrogen_deficiency,common_rust,0,0.0
validation,hpo_trial_0,corn-leaf-roboflow,nitrogen_deficiency,fall_armyworm,0,0.0
validation,hpo_trial_0,corn-leaf-roboflow,nitrogen_deficiency,gray_leaf_spot,0,0.0
validation,hpo_trial_0,corn-leaf-roboflow,nitrogen_deficiency,healthy,0,0.0
validation,hpo_trial_0,corn-leaf-roboflow,nitrogen_deficiency,lethal_necrosis,0,0.0
validation,hpo_trial_0,corn-leaf-roboflow,nitrogen_deficiency,nitrogen_deficiency,58,0.90625
validation,hpo_trial_0,corn-leaf-roboflow,nitrogen_deficiency,northern_corn_leaf_blight,1,0.015625
validation,hpo_trial_0,corn-leaf-roboflow,nitrogen_deficiency,phosphorus_deficiency,0,0.0
validation,hpo_trial_0,corn-leaf-roboflow,nitrogen_deficiency,potassium_deficiency,5,0.078125
validation,hpo_trial_0,corn-leaf-roboflow,northern_corn_leaf_blight,common_rust,0,0.0
validation,hpo_trial_0,corn-leaf-roboflow,northern_corn_leaf_blight,fall_armyworm,3,0.04225352112676056
validation,hpo_trial_0,corn-leaf-roboflow,northern_corn_leaf_blight,gray_leaf_spot,0,0.0
validation,hpo_trial_0,corn-leaf-roboflow,northern_corn_leaf_blight,healthy,0,0.0
validation,hpo_trial_0,corn-leaf-roboflow,northern_corn_leaf_blight,lethal_necrosis,0,0.0
validation,hpo_trial_0,corn-leaf-roboflow,northern_corn_leaf_blight,nitrogen_deficiency,2,0.028169014084507043
validation,hpo_trial_0,corn-leaf-roboflow,northern_corn_leaf_blight,northern_corn_leaf_blight,64,0.9014084507042254
validation,hpo_trial_0,corn-leaf-roboflow,northern_corn_leaf_blight,phosphorus_deficiency,0,0.0
validation,hpo_trial_0,corn-leaf-roboflow,northern_corn_leaf_blight,potassium_deficiency,2,0.028169014084507043
validation,hpo_trial_0,corn-leaf-roboflow,phosphorus_deficiency,common_rust,0,0.0
validation,hpo_trial_0,corn-leaf-roboflow,phosphorus_deficiency,fall_armyworm,0,0.0
validation,hpo_trial_0,corn-leaf-roboflow,phosphorus_deficiency,gray_leaf_spot,0,0.0
validation,hpo_trial_0,corn-leaf-roboflow,phosphorus_deficiency,healthy,0,0.0
validation,hpo_trial_0,corn-leaf-roboflow,phosphorus_deficiency,lethal_necrosis,0,0.0
validation,hpo_trial_0,corn-leaf-roboflow,phosphorus_deficiency,nitrogen_deficiency,0,0.0
validation,hpo_trial_0,corn-leaf-roboflow,phosphorus_deficiency,northern_corn_leaf_blight,1,0.014492753623188406
validation,hpo_trial_0,corn-leaf-roboflow,phosphorus_deficiency,phosphorus_deficiency,65,0.9420289855072463
validation,hpo_trial_0,corn-leaf-roboflow,phosphorus_deficiency,potassium_deficiency,3,0.043478260869565216
validation,hpo_trial_0,corn-leaf-roboflow,potassium_deficiency,common_rust,0,0.0
validation,hpo_trial_0,corn-leaf-roboflow,potassium_deficiency,fall_armyworm,0,0.0
validation,hpo_trial_0,corn-leaf-roboflow,potassium_deficiency,gray_leaf_spot,0,0.0
validation,hpo_trial_0,corn-leaf-roboflow,potassium_deficiency,healthy,0,0.0
validation,hpo_trial_0,corn-leaf-roboflow,potassium_deficiency,lethal_necrosis,0,0.0
validation,hpo_trial_0,corn-leaf-roboflow,potassium_deficiency,nitrogen_deficiency,5,0.1724137931034483
validation,hpo_trial_0,corn-leaf-roboflow,potassium_deficiency,northern_corn_leaf_blight,2,0.06896551724137931
validation,hpo_trial_0,corn-leaf-roboflow,potassium_deficiency,phosphorus_deficiency,0,0.0
validation,hpo_trial_0,corn-leaf-roboflow,potassium_deficiency,potassium_deficiency,22,0.7586206896551724
validation,hpo_trial_0,cropdg-unified-multidomain,gray_leaf_spot,common_rust,0,0.0
validation,hpo_trial_0,cropdg-unified-multidomain,gray_leaf_spot,fall_armyworm,0,0.0
validation,hpo_trial_0,cropdg-unified-multidomain,gray_leaf_spot,gray_leaf_spot,67,0.8701298701298701
validation,hpo_trial_0,cropdg-unified-multidomain,gray_leaf_spot,healthy,0,0.0
validation,hpo_trial_0,cropdg-unified-multidomain,gray_leaf_spot,lethal_necrosis,0,0.0
validation,hpo_trial_0,cropdg-unified-multidomain,gray_leaf_spot,nitrogen_deficiency,0,0.0
validation,hpo_trial_0,cropdg-unified-multidomain,gray_leaf_spot,northern_corn_leaf_blight,10,0.12987012987012986
validation,hpo_trial_0,cropdg-unified-multidomain,gray_leaf_spot,phosphorus_deficiency,0,0.0
validation,hpo_trial_0,cropdg-unified-multidomain,gray_leaf_spot,potassium_deficiency,0,0.0
validation,hpo_trial_0,cropdg-unified-multidomain,healthy,common_rust,0,0.0
validation,hpo_trial_0,cropdg-unified-multidomain,healthy,fall_armyworm,0,0.0
validation,hpo_trial_0,cropdg-unified-multidomain,healthy,gray_leaf_spot,0,0.0
validation,hpo_trial_0,cropdg-unified-multidomain,healthy,healthy,200,1.0
validation,hpo_trial_0,cropdg-unified-multidomain,healthy,lethal_necrosis,0,0.0
validation,hpo_trial_0,cropdg-unified-multidomain,healthy,nitrogen_deficiency,0,0.0
validation,hpo_trial_0,cropdg-unified-multidomain,healthy,northern_corn_leaf_blight,0,0.0
validation,hpo_trial_0,cropdg-unified-multidomain,healthy,phosphorus_deficiency,0,0.0
validation,hpo_trial_0,cropdg-unified-multidomain,healthy,potassium_deficiency,0,0.0
validation,hpo_trial_0,cropdg-unified-multidomain,northern_corn_leaf_blight,common_rust,0,0.0
validation,hpo_trial_0,cropdg-unified-multidomain,northern_corn_leaf_blight,fall_armyworm,1,0.007518796992481203
validation,hpo_trial_0,cropdg-unified-multidomain,northern_corn_leaf_blight,gray_leaf_spot,6,0.045112781954887216
validation,hpo_trial_0,cropdg-unified-multidomain,northern_corn_leaf_blight,healthy,0,0.0
validation,hpo_trial_0,cropdg-unified-multidomain,northern_corn_leaf_blight,lethal_necrosis,0,0.0
validation,hpo_trial_0,cropdg-unified-multidomain,northern_corn_leaf_blight,nitrogen_deficiency,0,0.0
validation,hpo_trial_0,cropdg-unified-multidomain,northern_corn_leaf_blight,northern_corn_leaf_blight,126,0.9473684210526315
validation,hpo_trial_0,cropdg-unified-multidomain,northern_corn_leaf_blight,phosphorus_deficiency,0,0.0
validation,hpo_trial_0,cropdg-unified-multidomain,northern_corn_leaf_blight,potassium_deficiency,0,0.0
validation,hpo_trial_0,maize-2-roboflow,nitrogen_deficiency,common_rust,0,0.0
validation,hpo_trial_0,maize-2-roboflow,nitrogen_deficiency,fall_armyworm,0,0.0
validation,hpo_trial_0,maize-2-roboflow,nitrogen_deficiency,gray_leaf_spot,1,0.02702702702702703
validation,hpo_trial_0,maize-2-roboflow,nitrogen_deficiency,healthy,0,0.0
validation,hpo_trial_0,maize-2-roboflow,nitrogen_deficiency,lethal_necrosis,0,0.0
validation,hpo_trial_0,maize-2-roboflow,nitrogen_deficiency,nitrogen_deficiency,33,0.8918918918918919
validation,hpo_trial_0,maize-2-roboflow,nitrogen_deficiency,northern_corn_leaf_blight,0,0.0
validation,hpo_trial_0,maize-2-roboflow,nitrogen_deficiency,phosphorus_deficiency,0,0.0
validation,hpo_trial_0,maize-2-roboflow,nitrogen_deficiency,potassium_deficiency,3,0.08108108108108109
validation,hpo_trial_0,maize-2-roboflow,phosphorus_deficiency,common_rust,0,0.0
validation,hpo_trial_0,maize-2-roboflow,phosphorus_deficiency,fall_armyworm,0,0.0
validation,hpo_trial_0,maize-2-roboflow,phosphorus_deficiency,gray_leaf_spot,0,0.0
validation,hpo_trial_0,maize-2-roboflow,phosphorus_deficiency,healthy,0,0.0
validation,hpo_trial_0,maize-2-roboflow,phosphorus_deficiency,lethal_necrosis,0,0.0
validation,hpo_trial_0,maize-2-roboflow,phosphorus_deficiency,nitrogen_deficiency,1,0.023255813953488372
validation,hpo_trial_0,maize-2-roboflow,phosphorus_deficiency,northern_corn_leaf_blight,0,0.0
validation,hpo_trial_0,maize-2-roboflow,phosphorus_deficiency,phosphorus_deficiency,39,0.9069767441860465
validation,hpo_trial_0,maize-2-roboflow,phosphorus_deficiency,potassium_deficiency,3,0.06976744186046512
validation,hpo_trial_0,maize-2-roboflow,potassium_deficiency,common_rust,0,0.0
validation,hpo_trial_0,maize-2-roboflow,potassium_deficiency,fall_armyworm,0,0.0
validation,hpo_trial_0,maize-2-roboflow,potassium_deficiency,gray_leaf_spot,0,0.0
validation,hpo_trial_0,maize-2-roboflow,potassium_deficiency,healthy,0,0.0
validation,hpo_trial_0,maize-2-roboflow,potassium_deficiency,lethal_necrosis,0,0.0
validation,hpo_trial_0,maize-2-roboflow,potassium_deficiency,nitrogen_deficiency,1,0.021739130434782608
validation,hpo_trial_0,maize-2-roboflow,potassium_deficiency,northern_corn_leaf_blight,0,0.0
validation,hpo_trial_0,maize-2-roboflow,potassium_deficiency,phosphorus_deficiency,0,0.0
validation,hpo_trial_0,maize-2-roboflow,potassium_deficiency,potassium_deficiency,45,0.9782608695652174
validation,hpo_trial_0,maize-beans-tomatoes-africa,fall_armyworm,common_rust,0,0.0
validation,hpo_trial_0,maize-beans-tomatoes-africa,fall_armyworm,fall_armyworm,364,0.9837837837837838
validation,hpo_trial_0,maize-beans-tomatoes-africa,fall_armyworm,gray_leaf_spot,0,0.0
validation,hpo_trial_0,maize-beans-tomatoes-africa,fall_armyworm,healthy,4,0.010810810810810811
validation,hpo_trial_0,maize-beans-tomatoes-africa,fall_armyworm,lethal_necrosis,0,0.0
validation,hpo_trial_0,maize-beans-tomatoes-africa,fall_armyworm,nitrogen_deficiency,0,0.0
validation,hpo_trial_0,maize-beans-tomatoes-africa,fall_armyworm,northern_corn_leaf_blight,1,0.002702702702702703
validation,hpo_trial_0,maize-beans-tomatoes-africa,fall_armyworm,phosphorus_deficiency,0,0.0
validation,hpo_trial_0,maize-beans-tomatoes-africa,fall_armyworm,potassium_deficiency,1,0.002702702702702703
validation,hpo_trial_0,maize-beans-tomatoes-africa,healthy,common_rust,0,0.0
validation,hpo_trial_0,maize-beans-tomatoes-africa,healthy,fall_armyworm,3,0.00964630225080386
validation,hpo_trial_0,maize-beans-tomatoes-africa,healthy,gray_leaf_spot,0,0.0
validation,hpo_trial_0,maize-beans-tomatoes-africa,healthy,healthy,307,0.9871382636655949
validation,hpo_trial_0,maize-beans-tomatoes-africa,healthy,lethal_necrosis,1,0.003215434083601286
validation,hpo_trial_0,maize-beans-tomatoes-africa,healthy,nitrogen_deficiency,0,0.0
validation,hpo_trial_0,maize-beans-tomatoes-africa,healthy,northern_corn_leaf_blight,0,0.0
validation,hpo_trial_0,maize-beans-tomatoes-africa,healthy,phosphorus_deficiency,0,0.0
validation,hpo_trial_0,maize-beans-tomatoes-africa,healthy,potassium_deficiency,0,0.0
validation,hpo_trial_0,maize-beans-tomatoes-africa,lethal_necrosis,common_rust,0,0.0
validation,hpo_trial_0,maize-beans-tomatoes-africa,lethal_necrosis,fall_armyworm,0,0.0
validation,hpo_trial_0,maize-beans-tomatoes-africa,lethal_necrosis,gray_leaf_spot,0,0.0
validation,hpo_trial_0,maize-beans-tomatoes-africa,lethal_necrosis,healthy,1,0.002
validation,hpo_trial_0,maize-beans-tomatoes-africa,lethal_necrosis,lethal_necrosis,499,0.998
validation,hpo_trial_0,maize-beans-tomatoes-africa,lethal_necrosis,nitrogen_deficiency,0,0.0
validation,hpo_trial_0,maize-beans-tomatoes-africa,lethal_necrosis,northern_corn_leaf_blight,0,0.0
validation,hpo_trial_0,maize-beans-tomatoes-africa,lethal_necrosis,phosphorus_deficiency,0,0.0
validation,hpo_trial_0,maize-beans-tomatoes-africa,lethal_necrosis,potassium_deficiency,0,0.0
validation,hpo_trial_0,maize-beans-tomatoes-africa,northern_corn_leaf_blight,common_rust,0,0.0
validation,hpo_trial_0,maize-beans-tomatoes-africa,northern_corn_leaf_blight,fall_armyworm,0,0.0
validation,hpo_trial_0,maize-beans-tomatoes-africa,northern_corn_leaf_blight,gray_leaf_spot,0,0.0
validation,hpo_trial_0,maize-beans-tomatoes-africa,northern_corn_leaf_blight,healthy,0,0.0
validation,hpo_trial_0,maize-beans-tomatoes-africa,northern_corn_leaf_blight,lethal_necrosis,0,0.0
validation,hpo_trial_0,maize-beans-tomatoes-africa,northern_corn_leaf_blight,nitrogen_deficiency,0,0.0
validation,hpo_trial_0,maize-beans-tomatoes-africa,northern_corn_leaf_blight,northern_corn_leaf_blight,656,1.0
validation,hpo_trial_0,maize-beans-tomatoes-africa,northern_corn_leaf_blight,phosphorus_deficiency,0,0.0
validation,hpo_trial_0,maize-beans-tomatoes-africa,northern_corn_leaf_blight,potassium_deficiency,0,0.0
validation,hpo_trial_0,maize-diseases,common_rust,common_rust,170,0.9941520467836257
validation,hpo_trial_0,maize-diseases,common_rust,fall_armyworm,0,0.0
validation,hpo_trial_0,maize-diseases,common_rust,gray_leaf_spot,0,0.0
validation,hpo_trial_0,maize-diseases,common_rust,healthy,0,0.0
validation,hpo_trial_0,maize-diseases,common_rust,lethal_necrosis,0,0.0
validation,hpo_trial_0,maize-diseases,common_rust,nitrogen_deficiency,0,0.0
validation,hpo_trial_0,maize-diseases,common_rust,northern_corn_leaf_blight,1,0.005847953216374269
validation,hpo_trial_0,maize-diseases,common_rust,phosphorus_deficiency,0,0.0
validation,hpo_trial_0,maize-diseases,common_rust,potassium_deficiency,0,0.0
validation,hpo_trial_0,maize-diseases,healthy,common_rust,0,0.0
validation,hpo_trial_0,maize-diseases,healthy,fall_armyworm,0,0.0
validation,hpo_trial_0,maize-diseases,healthy,gray_leaf_spot,0,0.0
validation,hpo_trial_0,maize-diseases,healthy,healthy,728,0.9986282578875172
validation,hpo_trial_0,maize-diseases,healthy,lethal_necrosis,1,0.0013717421124828531
validation,hpo_trial_0,maize-diseases,healthy,nitrogen_deficiency,0,0.0
validation,hpo_trial_0,maize-diseases,healthy,northern_corn_leaf_blight,0,0.0
validation,hpo_trial_0,maize-diseases,healthy,phosphorus_deficiency,0,0.0
validation,hpo_trial_0,maize-diseases,healthy,potassium_deficiency,0,0.0
validation,hpo_trial_0,maize-diseases,northern_corn_leaf_blight,common_rust,0,0.0
validation,hpo_trial_0,maize-diseases,northern_corn_leaf_blight,fall_armyworm,0,0.0
validation,hpo_trial_0,maize-diseases,northern_corn_leaf_blight,gray_leaf_spot,0,0.0
validation,hpo_trial_0,maize-diseases,northern_corn_leaf_blight,healthy,1,0.006802721088435374
validation,hpo_trial_0,maize-diseases,northern_corn_leaf_blight,lethal_necrosis,1,0.006802721088435374
validation,hpo_trial_0,maize-diseases,northern_corn_leaf_blight,nitrogen_deficiency,0,0.0
validation,hpo_trial_0,maize-diseases,northern_corn_leaf_blight,northern_corn_leaf_blight,145,0.9863945578231292
validation,hpo_trial_0,maize-diseases,northern_corn_leaf_blight,phosphorus_deficiency,0,0.0
validation,hpo_trial_0,maize-diseases,northern_corn_leaf_blight,potassium_deficiency,0,0.0
validation,hpo_trial_0,maize-in-field-dataset,common_rust,common_rust,14,0.875
validation,hpo_trial_0,maize-in-field-dataset,common_rust,fall_armyworm,0,0.0
validation,hpo_trial_0,maize-in-field-dataset,common_rust,gray_leaf_spot,0,0.0
validation,hpo_trial_0,maize-in-field-dataset,common_rust,healthy,0,0.0
validation,hpo_trial_0,maize-in-field-dataset,common_rust,lethal_necrosis,0,0.0
validation,hpo_trial_0,maize-in-field-dataset,common_rust,nitrogen_deficiency,0,0.0
validation,hpo_trial_0,maize-in-field-dataset,common_rust,northern_corn_leaf_blight,2,0.125
validation,hpo_trial_0,maize-in-field-dataset,common_rust,phosphorus_deficiency,0,0.0
validation,hpo_trial_0,maize-in-field-dataset,common_rust,potassium_deficiency,0,0.0
validation,hpo_trial_0,maize-in-field-dataset,gray_leaf_spot,common_rust,2,0.022222222222222223
validation,hpo_trial_0,maize-in-field-dataset,gray_leaf_spot,fall_armyworm,3,0.03333333333333333
validation,hpo_trial_0,maize-in-field-dataset,gray_leaf_spot,gray_leaf_spot,81,0.9
validation,hpo_trial_0,maize-in-field-dataset,gray_leaf_spot,healthy,2,0.022222222222222223
validation,hpo_trial_0,maize-in-field-dataset,gray_leaf_spot,lethal_necrosis,0,0.0
validation,hpo_trial_0,maize-in-field-dataset,gray_leaf_spot,nitrogen_deficiency,0,0.0
validation,hpo_trial_0,maize-in-field-dataset,gray_leaf_spot,northern_corn_leaf_blight,2,0.022222222222222223
validation,hpo_trial_0,maize-in-field-dataset,gray_leaf_spot,phosphorus_deficiency,0,0.0
validation,hpo_trial_0,maize-in-field-dataset,gray_leaf_spot,potassium_deficiency,0,0.0
validation,hpo_trial_0,maize-in-field-dataset,northern_corn_leaf_blight,common_rust,1,0.058823529411764705
validation,hpo_trial_0,maize-in-field-dataset,northern_corn_leaf_blight,fall_armyworm,1,0.058823529411764705
validation,hpo_trial_0,maize-in-field-dataset,northern_corn_leaf_blight,gray_leaf_spot,2,0.11764705882352941
validation,hpo_trial_0,maize-in-field-dataset,northern_corn_leaf_blight,healthy,1,0.058823529411764705
validation,hpo_trial_0,maize-in-field-dataset,northern_corn_leaf_blight,lethal_necrosis,0,0.0
validation,hpo_trial_0,maize-in-field-dataset,northern_corn_leaf_blight,nitrogen_deficiency,0,0.0
validation,hpo_trial_0,maize-in-field-dataset,northern_corn_leaf_blight,northern_corn_leaf_blight,12,0.7058823529411765
validation,hpo_trial_0,maize-in-field-dataset,northern_corn_leaf_blight,phosphorus_deficiency,0,0.0
validation,hpo_trial_0,maize-in-field-dataset,northern_corn_leaf_blight,potassium_deficiency,0,0.0
validation,hpo_trial_0,multicrop-disease-maiz,common_rust,common_rust,151,1.0
validation,hpo_trial_0,multicrop-disease-maiz,common_rust,fall_armyworm,0,0.0
validation,hpo_trial_0,multicrop-disease-maiz,common_rust,gray_leaf_spot,0,0.0
validation,hpo_trial_0,multicrop-disease-maiz,common_rust,healthy,0,0.0
validation,hpo_trial_0,multicrop-disease-maiz,common_rust,lethal_necrosis,0,0.0
validation,hpo_trial_0,multicrop-disease-maiz,common_rust,nitrogen_deficiency,0,0.0
validation,hpo_trial_0,multicrop-disease-maiz,common_rust,northern_corn_leaf_blight,0,0.0
validation,hpo_trial_0,multicrop-disease-maiz,common_rust,phosphorus_deficiency,0,0.0
validation,hpo_trial_0,multicrop-disease-maiz,common_rust,potassium_deficiency,0,0.0
validation,hpo_trial_0,multicrop-disease-maiz,fall_armyworm,common_rust,0,0.0
validation,hpo_trial_0,multicrop-disease-maiz,fall_armyworm,fall_armyworm,249,0.9920318725099602
validation,hpo_trial_0,multicrop-disease-maiz,fall_armyworm,gray_leaf_spot,0,0.0
validation,hpo_trial_0,multicrop-disease-maiz,fall_armyworm,healthy,2,0.00796812749003984
validation,hpo_trial_0,multicrop-disease-maiz,fall_armyworm,lethal_necrosis,0,0.0
validation,hpo_trial_0,multicrop-disease-maiz,fall_armyworm,nitrogen_deficiency,0,0.0
validation,hpo_trial_0,multicrop-disease-maiz,fall_armyworm,northern_corn_leaf_blight,0,0.0
validation,hpo_trial_0,multicrop-disease-maiz,fall_armyworm,phosphorus_deficiency,0,0.0
validation,hpo_trial_0,multicrop-disease-maiz,fall_armyworm,potassium_deficiency,0,0.0
validation,hpo_trial_0,multicrop-disease-maiz,lethal_necrosis,common_rust,0,0.0
validation,hpo_trial_0,multicrop-disease-maiz,lethal_necrosis,fall_armyworm,0,0.0
validation,hpo_trial_0,multicrop-disease-maiz,lethal_necrosis,gray_leaf_spot,0,0.0
validation,hpo_trial_0,multicrop-disease-maiz,lethal_necrosis,healthy,3,0.006493506493506494
validation,hpo_trial_0,multicrop-disease-maiz,lethal_necrosis,lethal_necrosis,459,0.9935064935064936
validation,hpo_trial_0,multicrop-disease-maiz,lethal_necrosis,nitrogen_deficiency,0,0.0
validation,hpo_trial_0,multicrop-disease-maiz,lethal_necrosis,northern_corn_leaf_blight,0,0.0
validation,hpo_trial_0,multicrop-disease-maiz,lethal_necrosis,phosphorus_deficiency,0,0.0
validation,hpo_trial_0,multicrop-disease-maiz,lethal_necrosis,potassium_deficiency,0,0.0
test,baseline,corn-leaf-roboflow,fall_armyworm,common_rust,0,0.0
test,baseline,corn-leaf-roboflow,fall_armyworm,fall_armyworm,101,0.9711538461538461
test,baseline,corn-leaf-roboflow,fall_armyworm,gray_leaf_spot,0,0.0
test,baseline,corn-leaf-roboflow,fall_armyworm,healthy,3,0.028846153846153848
test,baseline,corn-leaf-roboflow,fall_armyworm,lethal_necrosis,0,0.0
test,baseline,corn-leaf-roboflow,fall_armyworm,nitrogen_deficiency,0,0.0
test,baseline,corn-leaf-roboflow,fall_armyworm,northern_corn_leaf_blight,0,0.0
test,baseline,corn-leaf-roboflow,fall_armyworm,phosphorus_deficiency,0,0.0
test,baseline,corn-leaf-roboflow,fall_armyworm,potassium_deficiency,0,0.0
test,baseline,corn-leaf-roboflow,healthy,common_rust,0,0.0
test,baseline,corn-leaf-roboflow,healthy,fall_armyworm,2,0.031746031746031744
test,baseline,corn-leaf-roboflow,healthy,gray_leaf_spot,0,0.0
test,baseline,corn-leaf-roboflow,healthy,healthy,61,0.9682539682539683
test,baseline,corn-leaf-roboflow,healthy,lethal_necrosis,0,0.0
test,baseline,corn-leaf-roboflow,healthy,nitrogen_deficiency,0,0.0
test,baseline,corn-leaf-roboflow,healthy,northern_corn_leaf_blight,0,0.0
test,baseline,corn-leaf-roboflow,healthy,phosphorus_deficiency,0,0.0
test,baseline,corn-leaf-roboflow,healthy,potassium_deficiency,0,0.0
test,baseline,corn-leaf-roboflow,nitrogen_deficiency,common_rust,0,0.0
test,baseline,corn-leaf-roboflow,nitrogen_deficiency,fall_armyworm,0,0.0
test,baseline,corn-leaf-roboflow,nitrogen_deficiency,gray_leaf_spot,0,0.0
test,baseline,corn-leaf-roboflow,nitrogen_deficiency,healthy,0,0.0
test,baseline,corn-leaf-roboflow,nitrogen_deficiency,lethal_necrosis,0,0.0
test,baseline,corn-leaf-roboflow,nitrogen_deficiency,nitrogen_deficiency,63,0.9692307692307692
test,baseline,corn-leaf-roboflow,nitrogen_deficiency,northern_corn_leaf_blight,0,0.0
test,baseline,corn-leaf-roboflow,nitrogen_deficiency,phosphorus_deficiency,0,0.0
test,baseline,corn-leaf-roboflow,nitrogen_deficiency,potassium_deficiency,2,0.03076923076923077
test,baseline,corn-leaf-roboflow,northern_corn_leaf_blight,common_rust,0,0.0
test,baseline,corn-leaf-roboflow,northern_corn_leaf_blight,fall_armyworm,3,0.03125
test,baseline,corn-leaf-roboflow,northern_corn_leaf_blight,gray_leaf_spot,2,0.020833333333333332
test,baseline,corn-leaf-roboflow,northern_corn_leaf_blight,healthy,0,0.0
test,baseline,corn-leaf-roboflow,northern_corn_leaf_blight,lethal_necrosis,0,0.0
test,baseline,corn-leaf-roboflow,northern_corn_leaf_blight,nitrogen_deficiency,0,0.0
test,baseline,corn-leaf-roboflow,northern_corn_leaf_blight,northern_corn_leaf_blight,87,0.90625
test,baseline,corn-leaf-roboflow,northern_corn_leaf_blight,phosphorus_deficiency,0,0.0
test,baseline,corn-leaf-roboflow,northern_corn_leaf_blight,potassium_deficiency,4,0.041666666666666664
test,baseline,corn-leaf-roboflow,phosphorus_deficiency,common_rust,0,0.0
test,baseline,corn-leaf-roboflow,phosphorus_deficiency,fall_armyworm,5,0.0625
test,baseline,corn-leaf-roboflow,phosphorus_deficiency,gray_leaf_spot,0,0.0
test,baseline,corn-leaf-roboflow,phosphorus_deficiency,healthy,0,0.0
test,baseline,corn-leaf-roboflow,phosphorus_deficiency,lethal_necrosis,0,0.0
test,baseline,corn-leaf-roboflow,phosphorus_deficiency,nitrogen_deficiency,0,0.0
test,baseline,corn-leaf-roboflow,phosphorus_deficiency,northern_corn_leaf_blight,0,0.0
test,baseline,corn-leaf-roboflow,phosphorus_deficiency,phosphorus_deficiency,74,0.925
test,baseline,corn-leaf-roboflow,phosphorus_deficiency,potassium_deficiency,1,0.0125
test,baseline,corn-leaf-roboflow,potassium_deficiency,common_rust,0,0.0
test,baseline,corn-leaf-roboflow,potassium_deficiency,fall_armyworm,0,0.0
test,baseline,corn-leaf-roboflow,potassium_deficiency,gray_leaf_spot,0,0.0
test,baseline,corn-leaf-roboflow,potassium_deficiency,healthy,0,0.0
test,baseline,corn-leaf-roboflow,potassium_deficiency,lethal_necrosis,0,0.0
test,baseline,corn-leaf-roboflow,potassium_deficiency,nitrogen_deficiency,6,0.2
test,baseline,corn-leaf-roboflow,potassium_deficiency,northern_corn_leaf_blight,2,0.06666666666666667
test,baseline,corn-leaf-roboflow,potassium_deficiency,phosphorus_deficiency,0,0.0
test,baseline,corn-leaf-roboflow,potassium_deficiency,potassium_deficiency,22,0.7333333333333333
test,baseline,cropdg-unified-multidomain,gray_leaf_spot,common_rust,0,0.0
test,baseline,cropdg-unified-multidomain,gray_leaf_spot,fall_armyworm,0,0.0
test,baseline,cropdg-unified-multidomain,gray_leaf_spot,gray_leaf_spot,63,0.8181818181818182
test,baseline,cropdg-unified-multidomain,gray_leaf_spot,healthy,0,0.0
test,baseline,cropdg-unified-multidomain,gray_leaf_spot,lethal_necrosis,0,0.0
test,baseline,cropdg-unified-multidomain,gray_leaf_spot,nitrogen_deficiency,0,0.0
test,baseline,cropdg-unified-multidomain,gray_leaf_spot,northern_corn_leaf_blight,14,0.18181818181818182
test,baseline,cropdg-unified-multidomain,gray_leaf_spot,phosphorus_deficiency,0,0.0
test,baseline,cropdg-unified-multidomain,gray_leaf_spot,potassium_deficiency,0,0.0
test,baseline,cropdg-unified-multidomain,healthy,common_rust,0,0.0
test,baseline,cropdg-unified-multidomain,healthy,fall_armyworm,0,0.0
test,baseline,cropdg-unified-multidomain,healthy,gray_leaf_spot,0,0.0
test,baseline,cropdg-unified-multidomain,healthy,healthy,166,1.0
test,baseline,cropdg-unified-multidomain,healthy,lethal_necrosis,0,0.0
test,baseline,cropdg-unified-multidomain,healthy,nitrogen_deficiency,0,0.0
test,baseline,cropdg-unified-multidomain,healthy,northern_corn_leaf_blight,0,0.0
test,baseline,cropdg-unified-multidomain,healthy,phosphorus_deficiency,0,0.0
test,baseline,cropdg-unified-multidomain,healthy,potassium_deficiency,0,0.0
test,baseline,cropdg-unified-multidomain,northern_corn_leaf_blight,common_rust,0,0.0
test,baseline,cropdg-unified-multidomain,northern_corn_leaf_blight,fall_armyworm,0,0.0
test,baseline,cropdg-unified-multidomain,northern_corn_leaf_blight,gray_leaf_spot,3,0.022556390977443608
test,baseline,cropdg-unified-multidomain,northern_corn_leaf_blight,healthy,0,0.0
test,baseline,cropdg-unified-multidomain,northern_corn_leaf_blight,lethal_necrosis,0,0.0
test,baseline,cropdg-unified-multidomain,northern_corn_leaf_blight,nitrogen_deficiency,0,0.0
test,baseline,cropdg-unified-multidomain,northern_corn_leaf_blight,northern_corn_leaf_blight,130,0.9774436090225563
test,baseline,cropdg-unified-multidomain,northern_corn_leaf_blight,phosphorus_deficiency,0,0.0
test,baseline,cropdg-unified-multidomain,northern_corn_leaf_blight,potassium_deficiency,0,0.0
test,baseline,maize-2-roboflow,nitrogen_deficiency,common_rust,0,0.0
test,baseline,maize-2-roboflow,nitrogen_deficiency,fall_armyworm,0,0.0
test,baseline,maize-2-roboflow,nitrogen_deficiency,gray_leaf_spot,0,0.0
test,baseline,maize-2-roboflow,nitrogen_deficiency,healthy,0,0.0
test,baseline,maize-2-roboflow,nitrogen_deficiency,lethal_necrosis,0,0.0
test,baseline,maize-2-roboflow,nitrogen_deficiency,nitrogen_deficiency,40,0.975609756097561
test,baseline,maize-2-roboflow,nitrogen_deficiency,northern_corn_leaf_blight,0,0.0
test,baseline,maize-2-roboflow,nitrogen_deficiency,phosphorus_deficiency,0,0.0
test,baseline,maize-2-roboflow,nitrogen_deficiency,potassium_deficiency,1,0.024390243902439025
test,baseline,maize-2-roboflow,phosphorus_deficiency,common_rust,0,0.0
test,baseline,maize-2-roboflow,phosphorus_deficiency,fall_armyworm,0,0.0
test,baseline,maize-2-roboflow,phosphorus_deficiency,gray_leaf_spot,0,0.0
test,baseline,maize-2-roboflow,phosphorus_deficiency,healthy,0,0.0
test,baseline,maize-2-roboflow,phosphorus_deficiency,lethal_necrosis,0,0.0
test,baseline,maize-2-roboflow,phosphorus_deficiency,nitrogen_deficiency,5,0.1282051282051282
test,baseline,maize-2-roboflow,phosphorus_deficiency,northern_corn_leaf_blight,0,0.0
test,baseline,maize-2-roboflow,phosphorus_deficiency,phosphorus_deficiency,29,0.7435897435897436
test,baseline,maize-2-roboflow,phosphorus_deficiency,potassium_deficiency,5,0.1282051282051282
test,baseline,maize-2-roboflow,potassium_deficiency,common_rust,0,0.0
test,baseline,maize-2-roboflow,potassium_deficiency,fall_armyworm,0,0.0
test,baseline,maize-2-roboflow,potassium_deficiency,gray_leaf_spot,0,0.0
test,baseline,maize-2-roboflow,potassium_deficiency,healthy,0,0.0
test,baseline,maize-2-roboflow,potassium_deficiency,lethal_necrosis,0,0.0
test,baseline,maize-2-roboflow,potassium_deficiency,nitrogen_deficiency,6,0.1276595744680851
test,baseline,maize-2-roboflow,potassium_deficiency,northern_corn_leaf_blight,0,0.0
test,baseline,maize-2-roboflow,potassium_deficiency,phosphorus_deficiency,0,0.0
test,baseline,maize-2-roboflow,potassium_deficiency,potassium_deficiency,41,0.8723404255319149
test,baseline,maize-beans-tomatoes-africa,fall_armyworm,common_rust,0,0.0
test,baseline,maize-beans-tomatoes-africa,fall_armyworm,fall_armyworm,366,0.991869918699187
test,baseline,maize-beans-tomatoes-africa,fall_armyworm,gray_leaf_spot,1,0.0027100271002710027
test,baseline,maize-beans-tomatoes-africa,fall_armyworm,healthy,2,0.005420054200542005
test,baseline,maize-beans-tomatoes-africa,fall_armyworm,lethal_necrosis,0,0.0
test,baseline,maize-beans-tomatoes-africa,fall_armyworm,nitrogen_deficiency,0,0.0
test,baseline,maize-beans-tomatoes-africa,fall_armyworm,northern_corn_leaf_blight,0,0.0
test,baseline,maize-beans-tomatoes-africa,fall_armyworm,phosphorus_deficiency,0,0.0
test,baseline,maize-beans-tomatoes-africa,fall_armyworm,potassium_deficiency,0,0.0
test,baseline,maize-beans-tomatoes-africa,healthy,common_rust,0,0.0
test,baseline,maize-beans-tomatoes-africa,healthy,fall_armyworm,1,0.002898550724637681
test,baseline,maize-beans-tomatoes-africa,healthy,gray_leaf_spot,0,0.0
test,baseline,maize-beans-tomatoes-africa,healthy,healthy,341,0.9884057971014493
test,baseline,maize-beans-tomatoes-africa,healthy,lethal_necrosis,1,0.002898550724637681
test,baseline,maize-beans-tomatoes-africa,healthy,nitrogen_deficiency,1,0.002898550724637681
test,baseline,maize-beans-tomatoes-africa,healthy,northern_corn_leaf_blight,1,0.002898550724637681
test,baseline,maize-beans-tomatoes-africa,healthy,phosphorus_deficiency,0,0.0
test,baseline,maize-beans-tomatoes-africa,healthy,potassium_deficiency,0,0.0
test,baseline,maize-beans-tomatoes-africa,lethal_necrosis,common_rust,0,0.0
test,baseline,maize-beans-tomatoes-africa,lethal_necrosis,fall_armyworm,0,0.0
test,baseline,maize-beans-tomatoes-africa,lethal_necrosis,gray_leaf_spot,0,0.0
test,baseline,maize-beans-tomatoes-africa,lethal_necrosis,healthy,1,0.002074688796680498
test,baseline,maize-beans-tomatoes-africa,lethal_necrosis,lethal_necrosis,481,0.9979253112033195
test,baseline,maize-beans-tomatoes-africa,lethal_necrosis,nitrogen_deficiency,0,0.0
test,baseline,maize-beans-tomatoes-africa,lethal_necrosis,northern_corn_leaf_blight,0,0.0
test,baseline,maize-beans-tomatoes-africa,lethal_necrosis,phosphorus_deficiency,0,0.0
test,baseline,maize-beans-tomatoes-africa,lethal_necrosis,potassium_deficiency,0,0.0
test,baseline,maize-beans-tomatoes-africa,northern_corn_leaf_blight,common_rust,0,0.0
test,baseline,maize-beans-tomatoes-africa,northern_corn_leaf_blight,fall_armyworm,0,0.0
test,baseline,maize-beans-tomatoes-africa,northern_corn_leaf_blight,gray_leaf_spot,0,0.0
test,baseline,maize-beans-tomatoes-africa,northern_corn_leaf_blight,healthy,1,0.0016233766233766235
test,baseline,maize-beans-tomatoes-africa,northern_corn_leaf_blight,lethal_necrosis,0,0.0
test,baseline,maize-beans-tomatoes-africa,northern_corn_leaf_blight,nitrogen_deficiency,0,0.0
test,baseline,maize-beans-tomatoes-africa,northern_corn_leaf_blight,northern_corn_leaf_blight,615,0.9983766233766234
test,baseline,maize-beans-tomatoes-africa,northern_corn_leaf_blight,phosphorus_deficiency,0,0.0
test,baseline,maize-beans-tomatoes-africa,northern_corn_leaf_blight,potassium_deficiency,0,0.0
test,baseline,maize-diseases,common_rust,common_rust,179,1.0
test,baseline,maize-diseases,common_rust,fall_armyworm,0,0.0
test,baseline,maize-diseases,common_rust,gray_leaf_spot,0,0.0
test,baseline,maize-diseases,common_rust,healthy,0,0.0
test,baseline,maize-diseases,common_rust,lethal_necrosis,0,0.0
test,baseline,maize-diseases,common_rust,nitrogen_deficiency,0,0.0
test,baseline,maize-diseases,common_rust,northern_corn_leaf_blight,0,0.0
test,baseline,maize-diseases,common_rust,phosphorus_deficiency,0,0.0
test,baseline,maize-diseases,common_rust,potassium_deficiency,0,0.0
test,baseline,maize-diseases,healthy,common_rust,0,0.0
test,baseline,maize-diseases,healthy,fall_armyworm,1,0.0013717421124828531
test,baseline,maize-diseases,healthy,gray_leaf_spot,0,0.0
test,baseline,maize-diseases,healthy,healthy,727,0.9972565157750343
test,baseline,maize-diseases,healthy,lethal_necrosis,1,0.0013717421124828531
test,baseline,maize-diseases,healthy,nitrogen_deficiency,0,0.0
test,baseline,maize-diseases,healthy,northern_corn_leaf_blight,0,0.0
test,baseline,maize-diseases,healthy,phosphorus_deficiency,0,0.0
test,baseline,maize-diseases,healthy,potassium_deficiency,0,0.0
test,baseline,maize-diseases,northern_corn_leaf_blight,common_rust,0,0.0
test,baseline,maize-diseases,northern_corn_leaf_blight,fall_armyworm,0,0.0
test,baseline,maize-diseases,northern_corn_leaf_blight,gray_leaf_spot,1,0.006535947712418301
test,baseline,maize-diseases,northern_corn_leaf_blight,healthy,0,0.0
test,baseline,maize-diseases,northern_corn_leaf_blight,lethal_necrosis,0,0.0
test,baseline,maize-diseases,northern_corn_leaf_blight,nitrogen_deficiency,0,0.0
test,baseline,maize-diseases,northern_corn_leaf_blight,northern_corn_leaf_blight,152,0.9934640522875817
test,baseline,maize-diseases,northern_corn_leaf_blight,phosphorus_deficiency,0,0.0
test,baseline,maize-diseases,northern_corn_leaf_blight,potassium_deficiency,0,0.0
test,baseline,maize-in-field-dataset,common_rust,common_rust,12,0.75
test,baseline,maize-in-field-dataset,common_rust,fall_armyworm,0,0.0
test,baseline,maize-in-field-dataset,common_rust,gray_leaf_spot,1,0.0625
test,baseline,maize-in-field-dataset,common_rust,healthy,0,0.0
test,baseline,maize-in-field-dataset,common_rust,lethal_necrosis,0,0.0
test,baseline,maize-in-field-dataset,common_rust,nitrogen_deficiency,0,0.0
test,baseline,maize-in-field-dataset,common_rust,northern_corn_leaf_blight,3,0.1875
test,baseline,maize-in-field-dataset,common_rust,phosphorus_deficiency,0,0.0
test,baseline,maize-in-field-dataset,common_rust,potassium_deficiency,0,0.0
test,baseline,maize-in-field-dataset,gray_leaf_spot,common_rust,3,0.03225806451612903
test,baseline,maize-in-field-dataset,gray_leaf_spot,fall_armyworm,1,0.010752688172043012
test,baseline,maize-in-field-dataset,gray_leaf_spot,gray_leaf_spot,83,0.8924731182795699
test,baseline,maize-in-field-dataset,gray_leaf_spot,healthy,1,0.010752688172043012
test,baseline,maize-in-field-dataset,gray_leaf_spot,lethal_necrosis,1,0.010752688172043012
test,baseline,maize-in-field-dataset,gray_leaf_spot,nitrogen_deficiency,0,0.0
test,baseline,maize-in-field-dataset,gray_leaf_spot,northern_corn_leaf_blight,4,0.043010752688172046
test,baseline,maize-in-field-dataset,gray_leaf_spot,phosphorus_deficiency,0,0.0
test,baseline,maize-in-field-dataset,gray_leaf_spot,potassium_deficiency,0,0.0
test,baseline,maize-in-field-dataset,northern_corn_leaf_blight,common_rust,0,0.0
test,baseline,maize-in-field-dataset,northern_corn_leaf_blight,fall_armyworm,1,0.037037037037037035
test,baseline,maize-in-field-dataset,northern_corn_leaf_blight,gray_leaf_spot,6,0.2222222222222222
test,baseline,maize-in-field-dataset,northern_corn_leaf_blight,healthy,0,0.0
test,baseline,maize-in-field-dataset,northern_corn_leaf_blight,lethal_necrosis,0,0.0
test,baseline,maize-in-field-dataset,northern_corn_leaf_blight,nitrogen_deficiency,1,0.037037037037037035
test,baseline,maize-in-field-dataset,northern_corn_leaf_blight,northern_corn_leaf_blight,19,0.7037037037037037
test,baseline,maize-in-field-dataset,northern_corn_leaf_blight,phosphorus_deficiency,0,0.0
test,baseline,maize-in-field-dataset,northern_corn_leaf_blight,potassium_deficiency,0,0.0
test,baseline,multicrop-disease-maiz,common_rust,common_rust,143,0.9930555555555556
test,baseline,multicrop-disease-maiz,common_rust,fall_armyworm,0,0.0
test,baseline,multicrop-disease-maiz,common_rust,gray_leaf_spot,0,0.0
test,baseline,multicrop-disease-maiz,common_rust,healthy,0,0.0
test,baseline,multicrop-disease-maiz,common_rust,lethal_necrosis,0,0.0
test,baseline,multicrop-disease-maiz,common_rust,nitrogen_deficiency,0,0.0
test,baseline,multicrop-disease-maiz,common_rust,northern_corn_leaf_blight,1,0.006944444444444444
test,baseline,multicrop-disease-maiz,common_rust,phosphorus_deficiency,0,0.0
test,baseline,multicrop-disease-maiz,common_rust,potassium_deficiency,0,0.0
test,baseline,multicrop-disease-maiz,fall_armyworm,common_rust,0,0.0
test,baseline,multicrop-disease-maiz,fall_armyworm,fall_armyworm,253,0.9921568627450981
test,baseline,multicrop-disease-maiz,fall_armyworm,gray_leaf_spot,0,0.0
test,baseline,multicrop-disease-maiz,fall_armyworm,healthy,1,0.00392156862745098
test,baseline,multicrop-disease-maiz,fall_armyworm,lethal_necrosis,0,0.0
test,baseline,multicrop-disease-maiz,fall_armyworm,nitrogen_deficiency,1,0.00392156862745098
test,baseline,multicrop-disease-maiz,fall_armyworm,northern_corn_leaf_blight,0,0.0
test,baseline,multicrop-disease-maiz,fall_armyworm,phosphorus_deficiency,0,0.0
test,baseline,multicrop-disease-maiz,fall_armyworm,potassium_deficiency,0,0.0
test,baseline,multicrop-disease-maiz,lethal_necrosis,common_rust,0,0.0
test,baseline,multicrop-disease-maiz,lethal_necrosis,fall_armyworm,1,0.002079002079002079
test,baseline,multicrop-disease-maiz,lethal_necrosis,gray_leaf_spot,0,0.0
test,baseline,multicrop-disease-maiz,lethal_necrosis,healthy,2,0.004158004158004158
test,baseline,multicrop-disease-maiz,lethal_necrosis,lethal_necrosis,478,0.9937629937629938
test,baseline,multicrop-disease-maiz,lethal_necrosis,nitrogen_deficiency,0,0.0
test,baseline,multicrop-disease-maiz,lethal_necrosis,northern_corn_leaf_blight,0,0.0
test,baseline,multicrop-disease-maiz,lethal_necrosis,phosphorus_deficiency,0,0.0
test,baseline,multicrop-disease-maiz,lethal_necrosis,potassium_deficiency,0,0.0
test,hpo_trial_0,corn-leaf-roboflow,fall_armyworm,common_rust,0,0.0
test,hpo_trial_0,corn-leaf-roboflow,fall_armyworm,fall_armyworm,104,1.0
test,hpo_trial_0,corn-leaf-roboflow,fall_armyworm,gray_leaf_spot,0,0.0
test,hpo_trial_0,corn-leaf-roboflow,fall_armyworm,healthy,0,0.0
test,hpo_trial_0,corn-leaf-roboflow,fall_armyworm,lethal_necrosis,0,0.0
test,hpo_trial_0,corn-leaf-roboflow,fall_armyworm,nitrogen_deficiency,0,0.0
test,hpo_trial_0,corn-leaf-roboflow,fall_armyworm,northern_corn_leaf_blight,0,0.0
test,hpo_trial_0,corn-leaf-roboflow,fall_armyworm,phosphorus_deficiency,0,0.0
test,hpo_trial_0,corn-leaf-roboflow,fall_armyworm,potassium_deficiency,0,0.0
test,hpo_trial_0,corn-leaf-roboflow,healthy,common_rust,0,0.0
test,hpo_trial_0,corn-leaf-roboflow,healthy,fall_armyworm,1,0.015873015873015872
test,hpo_trial_0,corn-leaf-roboflow,healthy,gray_leaf_spot,0,0.0
test,hpo_trial_0,corn-leaf-roboflow,healthy,healthy,62,0.9841269841269841
test,hpo_trial_0,corn-leaf-roboflow,healthy,lethal_necrosis,0,0.0
test,hpo_trial_0,corn-leaf-roboflow,healthy,nitrogen_deficiency,0,0.0
test,hpo_trial_0,corn-leaf-roboflow,healthy,northern_corn_leaf_blight,0,0.0
test,hpo_trial_0,corn-leaf-roboflow,healthy,phosphorus_deficiency,0,0.0
test,hpo_trial_0,corn-leaf-roboflow,healthy,potassium_deficiency,0,0.0
test,hpo_trial_0,corn-leaf-roboflow,nitrogen_deficiency,common_rust,0,0.0
test,hpo_trial_0,corn-leaf-roboflow,nitrogen_deficiency,fall_armyworm,0,0.0
test,hpo_trial_0,corn-leaf-roboflow,nitrogen_deficiency,gray_leaf_spot,0,0.0
test,hpo_trial_0,corn-leaf-roboflow,nitrogen_deficiency,healthy,1,0.015384615384615385
test,hpo_trial_0,corn-leaf-roboflow,nitrogen_deficiency,lethal_necrosis,0,0.0
test,hpo_trial_0,corn-leaf-roboflow,nitrogen_deficiency,nitrogen_deficiency,56,0.8615384615384616
test,hpo_trial_0,corn-leaf-roboflow,nitrogen_deficiency,northern_corn_leaf_blight,1,0.015384615384615385
test,hpo_trial_0,corn-leaf-roboflow,nitrogen_deficiency,phosphorus_deficiency,0,0.0
test,hpo_trial_0,corn-leaf-roboflow,nitrogen_deficiency,potassium_deficiency,7,0.1076923076923077
test,hpo_trial_0,corn-leaf-roboflow,northern_corn_leaf_blight,common_rust,0,0.0
test,hpo_trial_0,corn-leaf-roboflow,northern_corn_leaf_blight,fall_armyworm,5,0.052083333333333336
test,hpo_trial_0,corn-leaf-roboflow,northern_corn_leaf_blight,gray_leaf_spot,0,0.0
test,hpo_trial_0,corn-leaf-roboflow,northern_corn_leaf_blight,healthy,0,0.0
test,hpo_trial_0,corn-leaf-roboflow,northern_corn_leaf_blight,lethal_necrosis,0,0.0
test,hpo_trial_0,corn-leaf-roboflow,northern_corn_leaf_blight,nitrogen_deficiency,0,0.0
test,hpo_trial_0,corn-leaf-roboflow,northern_corn_leaf_blight,northern_corn_leaf_blight,85,0.8854166666666666
test,hpo_trial_0,corn-leaf-roboflow,northern_corn_leaf_blight,phosphorus_deficiency,0,0.0
test,hpo_trial_0,corn-leaf-roboflow,northern_corn_leaf_blight,potassium_deficiency,6,0.0625
test,hpo_trial_0,corn-leaf-roboflow,phosphorus_deficiency,common_rust,0,0.0
test,hpo_trial_0,corn-leaf-roboflow,phosphorus_deficiency,fall_armyworm,4,0.05
test,hpo_trial_0,corn-leaf-roboflow,phosphorus_deficiency,gray_leaf_spot,0,0.0
test,hpo_trial_0,corn-leaf-roboflow,phosphorus_deficiency,healthy,2,0.025
test,hpo_trial_0,corn-leaf-roboflow,phosphorus_deficiency,lethal_necrosis,0,0.0
test,hpo_trial_0,corn-leaf-roboflow,phosphorus_deficiency,nitrogen_deficiency,0,0.0
test,hpo_trial_0,corn-leaf-roboflow,phosphorus_deficiency,northern_corn_leaf_blight,0,0.0
test,hpo_trial_0,corn-leaf-roboflow,phosphorus_deficiency,phosphorus_deficiency,73,0.9125
test,hpo_trial_0,corn-leaf-roboflow,phosphorus_deficiency,potassium_deficiency,1,0.0125
test,hpo_trial_0,corn-leaf-roboflow,potassium_deficiency,common_rust,0,0.0
test,hpo_trial_0,corn-leaf-roboflow,potassium_deficiency,fall_armyworm,0,0.0
test,hpo_trial_0,corn-leaf-roboflow,potassium_deficiency,gray_leaf_spot,0,0.0
test,hpo_trial_0,corn-leaf-roboflow,potassium_deficiency,healthy,0,0.0
test,hpo_trial_0,corn-leaf-roboflow,potassium_deficiency,lethal_necrosis,0,0.0
test,hpo_trial_0,corn-leaf-roboflow,potassium_deficiency,nitrogen_deficiency,5,0.16666666666666666
test,hpo_trial_0,corn-leaf-roboflow,potassium_deficiency,northern_corn_leaf_blight,1,0.03333333333333333
test,hpo_trial_0,corn-leaf-roboflow,potassium_deficiency,phosphorus_deficiency,0,0.0
test,hpo_trial_0,corn-leaf-roboflow,potassium_deficiency,potassium_deficiency,24,0.8
test,hpo_trial_0,cropdg-unified-multidomain,gray_leaf_spot,common_rust,0,0.0
test,hpo_trial_0,cropdg-unified-multidomain,gray_leaf_spot,fall_armyworm,0,0.0
test,hpo_trial_0,cropdg-unified-multidomain,gray_leaf_spot,gray_leaf_spot,67,0.8701298701298701
test,hpo_trial_0,cropdg-unified-multidomain,gray_leaf_spot,healthy,0,0.0
test,hpo_trial_0,cropdg-unified-multidomain,gray_leaf_spot,lethal_necrosis,0,0.0
test,hpo_trial_0,cropdg-unified-multidomain,gray_leaf_spot,nitrogen_deficiency,0,0.0
test,hpo_trial_0,cropdg-unified-multidomain,gray_leaf_spot,northern_corn_leaf_blight,10,0.12987012987012986
test,hpo_trial_0,cropdg-unified-multidomain,gray_leaf_spot,phosphorus_deficiency,0,0.0
test,hpo_trial_0,cropdg-unified-multidomain,gray_leaf_spot,potassium_deficiency,0,0.0
test,hpo_trial_0,cropdg-unified-multidomain,healthy,common_rust,0,0.0
test,hpo_trial_0,cropdg-unified-multidomain,healthy,fall_armyworm,0,0.0
test,hpo_trial_0,cropdg-unified-multidomain,healthy,gray_leaf_spot,0,0.0
test,hpo_trial_0,cropdg-unified-multidomain,healthy,healthy,166,1.0
test,hpo_trial_0,cropdg-unified-multidomain,healthy,lethal_necrosis,0,0.0
test,hpo_trial_0,cropdg-unified-multidomain,healthy,nitrogen_deficiency,0,0.0
test,hpo_trial_0,cropdg-unified-multidomain,healthy,northern_corn_leaf_blight,0,0.0
test,hpo_trial_0,cropdg-unified-multidomain,healthy,phosphorus_deficiency,0,0.0
test,hpo_trial_0,cropdg-unified-multidomain,healthy,potassium_deficiency,0,0.0
test,hpo_trial_0,cropdg-unified-multidomain,northern_corn_leaf_blight,common_rust,0,0.0
test,hpo_trial_0,cropdg-unified-multidomain,northern_corn_leaf_blight,fall_armyworm,0,0.0
test,hpo_trial_0,cropdg-unified-multidomain,northern_corn_leaf_blight,gray_leaf_spot,8,0.06015037593984962
test,hpo_trial_0,cropdg-unified-multidomain,northern_corn_leaf_blight,healthy,0,0.0
test,hpo_trial_0,cropdg-unified-multidomain,northern_corn_leaf_blight,lethal_necrosis,0,0.0
test,hpo_trial_0,cropdg-unified-multidomain,northern_corn_leaf_blight,nitrogen_deficiency,0,0.0
test,hpo_trial_0,cropdg-unified-multidomain,northern_corn_leaf_blight,northern_corn_leaf_blight,125,0.9398496240601504
test,hpo_trial_0,cropdg-unified-multidomain,northern_corn_leaf_blight,phosphorus_deficiency,0,0.0
test,hpo_trial_0,cropdg-unified-multidomain,northern_corn_leaf_blight,potassium_deficiency,0,0.0
test,hpo_trial_0,maize-2-roboflow,nitrogen_deficiency,common_rust,0,0.0
test,hpo_trial_0,maize-2-roboflow,nitrogen_deficiency,fall_armyworm,0,0.0
test,hpo_trial_0,maize-2-roboflow,nitrogen_deficiency,gray_leaf_spot,0,0.0
test,hpo_trial_0,maize-2-roboflow,nitrogen_deficiency,healthy,0,0.0
test,hpo_trial_0,maize-2-roboflow,nitrogen_deficiency,lethal_necrosis,0,0.0
test,hpo_trial_0,maize-2-roboflow,nitrogen_deficiency,nitrogen_deficiency,38,0.926829268292683
test,hpo_trial_0,maize-2-roboflow,nitrogen_deficiency,northern_corn_leaf_blight,0,0.0
test,hpo_trial_0,maize-2-roboflow,nitrogen_deficiency,phosphorus_deficiency,0,0.0
test,hpo_trial_0,maize-2-roboflow,nitrogen_deficiency,potassium_deficiency,3,0.07317073170731707
test,hpo_trial_0,maize-2-roboflow,phosphorus_deficiency,common_rust,0,0.0
test,hpo_trial_0,maize-2-roboflow,phosphorus_deficiency,fall_armyworm,0,0.0
test,hpo_trial_0,maize-2-roboflow,phosphorus_deficiency,gray_leaf_spot,0,0.0
test,hpo_trial_0,maize-2-roboflow,phosphorus_deficiency,healthy,0,0.0
test,hpo_trial_0,maize-2-roboflow,phosphorus_deficiency,lethal_necrosis,0,0.0
test,hpo_trial_0,maize-2-roboflow,phosphorus_deficiency,nitrogen_deficiency,2,0.05128205128205128
test,hpo_trial_0,maize-2-roboflow,phosphorus_deficiency,northern_corn_leaf_blight,0,0.0
test,hpo_trial_0,maize-2-roboflow,phosphorus_deficiency,phosphorus_deficiency,32,0.8205128205128205
test,hpo_trial_0,maize-2-roboflow,phosphorus_deficiency,potassium_deficiency,5,0.1282051282051282
test,hpo_trial_0,maize-2-roboflow,potassium_deficiency,common_rust,0,0.0
test,hpo_trial_0,maize-2-roboflow,potassium_deficiency,fall_armyworm,0,0.0
test,hpo_trial_0,maize-2-roboflow,potassium_deficiency,gray_leaf_spot,0,0.0
test,hpo_trial_0,maize-2-roboflow,potassium_deficiency,healthy,0,0.0
test,hpo_trial_0,maize-2-roboflow,potassium_deficiency,lethal_necrosis,0,0.0
test,hpo_trial_0,maize-2-roboflow,potassium_deficiency,nitrogen_deficiency,5,0.10638297872340426
test,hpo_trial_0,maize-2-roboflow,potassium_deficiency,northern_corn_leaf_blight,0,0.0
test,hpo_trial_0,maize-2-roboflow,potassium_deficiency,phosphorus_deficiency,1,0.02127659574468085
test,hpo_trial_0,maize-2-roboflow,potassium_deficiency,potassium_deficiency,41,0.8723404255319149
test,hpo_trial_0,maize-beans-tomatoes-africa,fall_armyworm,common_rust,0,0.0
test,hpo_trial_0,maize-beans-tomatoes-africa,fall_armyworm,fall_armyworm,363,0.983739837398374
test,hpo_trial_0,maize-beans-tomatoes-africa,fall_armyworm,gray_leaf_spot,0,0.0
test,hpo_trial_0,maize-beans-tomatoes-africa,fall_armyworm,healthy,5,0.013550135501355014
test,hpo_trial_0,maize-beans-tomatoes-africa,fall_armyworm,lethal_necrosis,0,0.0
test,hpo_trial_0,maize-beans-tomatoes-africa,fall_armyworm,nitrogen_deficiency,0,0.0
test,hpo_trial_0,maize-beans-tomatoes-africa,fall_armyworm,northern_corn_leaf_blight,1,0.0027100271002710027
test,hpo_trial_0,maize-beans-tomatoes-africa,fall_armyworm,phosphorus_deficiency,0,0.0
test,hpo_trial_0,maize-beans-tomatoes-africa,fall_armyworm,potassium_deficiency,0,0.0
test,hpo_trial_0,maize-beans-tomatoes-africa,healthy,common_rust,0,0.0
test,hpo_trial_0,maize-beans-tomatoes-africa,healthy,fall_armyworm,1,0.002898550724637681
test,hpo_trial_0,maize-beans-tomatoes-africa,healthy,gray_leaf_spot,1,0.002898550724637681
test,hpo_trial_0,maize-beans-tomatoes-africa,healthy,healthy,340,0.9855072463768116
test,hpo_trial_0,maize-beans-tomatoes-africa,healthy,lethal_necrosis,2,0.005797101449275362
test,hpo_trial_0,maize-beans-tomatoes-africa,healthy,nitrogen_deficiency,0,0.0
test,hpo_trial_0,maize-beans-tomatoes-africa,healthy,northern_corn_leaf_blight,1,0.002898550724637681
test,hpo_trial_0,maize-beans-tomatoes-africa,healthy,phosphorus_deficiency,0,0.0
test,hpo_trial_0,maize-beans-tomatoes-africa,healthy,potassium_deficiency,0,0.0
test,hpo_trial_0,maize-beans-tomatoes-africa,lethal_necrosis,common_rust,0,0.0
test,hpo_trial_0,maize-beans-tomatoes-africa,lethal_necrosis,fall_armyworm,0,0.0
test,hpo_trial_0,maize-beans-tomatoes-africa,lethal_necrosis,gray_leaf_spot,1,0.002074688796680498
test,hpo_trial_0,maize-beans-tomatoes-africa,lethal_necrosis,healthy,1,0.002074688796680498
test,hpo_trial_0,maize-beans-tomatoes-africa,lethal_necrosis,lethal_necrosis,480,0.995850622406639
test,hpo_trial_0,maize-beans-tomatoes-africa,lethal_necrosis,nitrogen_deficiency,0,0.0
test,hpo_trial_0,maize-beans-tomatoes-africa,lethal_necrosis,northern_corn_leaf_blight,0,0.0
test,hpo_trial_0,maize-beans-tomatoes-africa,lethal_necrosis,phosphorus_deficiency,0,0.0
test,hpo_trial_0,maize-beans-tomatoes-africa,lethal_necrosis,potassium_deficiency,0,0.0
test,hpo_trial_0,maize-beans-tomatoes-africa,northern_corn_leaf_blight,common_rust,0,0.0
test,hpo_trial_0,maize-beans-tomatoes-africa,northern_corn_leaf_blight,fall_armyworm,0,0.0
test,hpo_trial_0,maize-beans-tomatoes-africa,northern_corn_leaf_blight,gray_leaf_spot,2,0.003246753246753247
test,hpo_trial_0,maize-beans-tomatoes-africa,northern_corn_leaf_blight,healthy,2,0.003246753246753247
test,hpo_trial_0,maize-beans-tomatoes-africa,northern_corn_leaf_blight,lethal_necrosis,0,0.0
test,hpo_trial_0,maize-beans-tomatoes-africa,northern_corn_leaf_blight,nitrogen_deficiency,1,0.0016233766233766235
test,hpo_trial_0,maize-beans-tomatoes-africa,northern_corn_leaf_blight,northern_corn_leaf_blight,611,0.9918831168831169
test,hpo_trial_0,maize-beans-tomatoes-africa,northern_corn_leaf_blight,phosphorus_deficiency,0,0.0
test,hpo_trial_0,maize-beans-tomatoes-africa,northern_corn_leaf_blight,potassium_deficiency,0,0.0
test,hpo_trial_0,maize-diseases,common_rust,common_rust,179,1.0
test,hpo_trial_0,maize-diseases,common_rust,fall_armyworm,0,0.0
test,hpo_trial_0,maize-diseases,common_rust,gray_leaf_spot,0,0.0
test,hpo_trial_0,maize-diseases,common_rust,healthy,0,0.0
test,hpo_trial_0,maize-diseases,common_rust,lethal_necrosis,0,0.0
test,hpo_trial_0,maize-diseases,common_rust,nitrogen_deficiency,0,0.0
test,hpo_trial_0,maize-diseases,common_rust,northern_corn_leaf_blight,0,0.0
test,hpo_trial_0,maize-diseases,common_rust,phosphorus_deficiency,0,0.0
test,hpo_trial_0,maize-diseases,common_rust,potassium_deficiency,0,0.0
test,hpo_trial_0,maize-diseases,healthy,common_rust,0,0.0
test,hpo_trial_0,maize-diseases,healthy,fall_armyworm,1,0.0013717421124828531
test,hpo_trial_0,maize-diseases,healthy,gray_leaf_spot,0,0.0
test,hpo_trial_0,maize-diseases,healthy,healthy,727,0.9972565157750343
test,hpo_trial_0,maize-diseases,healthy,lethal_necrosis,1,0.0013717421124828531
test,hpo_trial_0,maize-diseases,healthy,nitrogen_deficiency,0,0.0
test,hpo_trial_0,maize-diseases,healthy,northern_corn_leaf_blight,0,0.0
test,hpo_trial_0,maize-diseases,healthy,phosphorus_deficiency,0,0.0
test,hpo_trial_0,maize-diseases,healthy,potassium_deficiency,0,0.0
test,hpo_trial_0,maize-diseases,northern_corn_leaf_blight,common_rust,0,0.0
test,hpo_trial_0,maize-diseases,northern_corn_leaf_blight,fall_armyworm,0,0.0
test,hpo_trial_0,maize-diseases,northern_corn_leaf_blight,gray_leaf_spot,1,0.006535947712418301
test,hpo_trial_0,maize-diseases,northern_corn_leaf_blight,healthy,0,0.0
test,hpo_trial_0,maize-diseases,northern_corn_leaf_blight,lethal_necrosis,0,0.0
test,hpo_trial_0,maize-diseases,northern_corn_leaf_blight,nitrogen_deficiency,0,0.0
test,hpo_trial_0,maize-diseases,northern_corn_leaf_blight,northern_corn_leaf_blight,152,0.9934640522875817
test,hpo_trial_0,maize-diseases,northern_corn_leaf_blight,phosphorus_deficiency,0,0.0
test,hpo_trial_0,maize-diseases,northern_corn_leaf_blight,potassium_deficiency,0,0.0
test,hpo_trial_0,maize-in-field-dataset,common_rust,common_rust,10,0.625
test,hpo_trial_0,maize-in-field-dataset,common_rust,fall_armyworm,0,0.0
test,hpo_trial_0,maize-in-field-dataset,common_rust,gray_leaf_spot,2,0.125
test,hpo_trial_0,maize-in-field-dataset,common_rust,healthy,0,0.0
test,hpo_trial_0,maize-in-field-dataset,common_rust,lethal_necrosis,0,0.0
test,hpo_trial_0,maize-in-field-dataset,common_rust,nitrogen_deficiency,0,0.0
test,hpo_trial_0,maize-in-field-dataset,common_rust,northern_corn_leaf_blight,4,0.25
test,hpo_trial_0,maize-in-field-dataset,common_rust,phosphorus_deficiency,0,0.0
test,hpo_trial_0,maize-in-field-dataset,common_rust,potassium_deficiency,0,0.0
test,hpo_trial_0,maize-in-field-dataset,gray_leaf_spot,common_rust,3,0.03225806451612903
test,hpo_trial_0,maize-in-field-dataset,gray_leaf_spot,fall_armyworm,4,0.043010752688172046
test,hpo_trial_0,maize-in-field-dataset,gray_leaf_spot,gray_leaf_spot,80,0.8602150537634409
test,hpo_trial_0,maize-in-field-dataset,gray_leaf_spot,healthy,2,0.021505376344086023
test,hpo_trial_0,maize-in-field-dataset,gray_leaf_spot,lethal_necrosis,0,0.0
test,hpo_trial_0,maize-in-field-dataset,gray_leaf_spot,nitrogen_deficiency,0,0.0
test,hpo_trial_0,maize-in-field-dataset,gray_leaf_spot,northern_corn_leaf_blight,4,0.043010752688172046
test,hpo_trial_0,maize-in-field-dataset,gray_leaf_spot,phosphorus_deficiency,0,0.0
test,hpo_trial_0,maize-in-field-dataset,gray_leaf_spot,potassium_deficiency,0,0.0
test,hpo_trial_0,maize-in-field-dataset,northern_corn_leaf_blight,common_rust,0,0.0
test,hpo_trial_0,maize-in-field-dataset,northern_corn_leaf_blight,fall_armyworm,1,0.037037037037037035
test,hpo_trial_0,maize-in-field-dataset,northern_corn_leaf_blight,gray_leaf_spot,4,0.14814814814814814
test,hpo_trial_0,maize-in-field-dataset,northern_corn_leaf_blight,healthy,0,0.0
test,hpo_trial_0,maize-in-field-dataset,northern_corn_leaf_blight,lethal_necrosis,0,0.0
test,hpo_trial_0,maize-in-field-dataset,northern_corn_leaf_blight,nitrogen_deficiency,0,0.0
test,hpo_trial_0,maize-in-field-dataset,northern_corn_leaf_blight,northern_corn_leaf_blight,22,0.8148148148148148
test,hpo_trial_0,maize-in-field-dataset,northern_corn_leaf_blight,phosphorus_deficiency,0,0.0
test,hpo_trial_0,maize-in-field-dataset,northern_corn_leaf_blight,potassium_deficiency,0,0.0
test,hpo_trial_0,multicrop-disease-maiz,common_rust,common_rust,143,0.9930555555555556
test,hpo_trial_0,multicrop-disease-maiz,common_rust,fall_armyworm,0,0.0
test,hpo_trial_0,multicrop-disease-maiz,common_rust,gray_leaf_spot,0,0.0
test,hpo_trial_0,multicrop-disease-maiz,common_rust,healthy,0,0.0
test,hpo_trial_0,multicrop-disease-maiz,common_rust,lethal_necrosis,0,0.0
test,hpo_trial_0,multicrop-disease-maiz,common_rust,nitrogen_deficiency,0,0.0
test,hpo_trial_0,multicrop-disease-maiz,common_rust,northern_corn_leaf_blight,1,0.006944444444444444
test,hpo_trial_0,multicrop-disease-maiz,common_rust,phosphorus_deficiency,0,0.0
test,hpo_trial_0,multicrop-disease-maiz,common_rust,potassium_deficiency,0,0.0
test,hpo_trial_0,multicrop-disease-maiz,fall_armyworm,common_rust,0,0.0
test,hpo_trial_0,multicrop-disease-maiz,fall_armyworm,fall_armyworm,254,0.996078431372549
test,hpo_trial_0,multicrop-disease-maiz,fall_armyworm,gray_leaf_spot,1,0.00392156862745098
test,hpo_trial_0,multicrop-disease-maiz,fall_armyworm,healthy,0,0.0
test,hpo_trial_0,multicrop-disease-maiz,fall_armyworm,lethal_necrosis,0,0.0
test,hpo_trial_0,multicrop-disease-maiz,fall_armyworm,nitrogen_deficiency,0,0.0
test,hpo_trial_0,multicrop-disease-maiz,fall_armyworm,northern_corn_leaf_blight,0,0.0
test,hpo_trial_0,multicrop-disease-maiz,fall_armyworm,phosphorus_deficiency,0,0.0
test,hpo_trial_0,multicrop-disease-maiz,fall_armyworm,potassium_deficiency,0,0.0
test,hpo_trial_0,multicrop-disease-maiz,lethal_necrosis,common_rust,0,0.0
test,hpo_trial_0,multicrop-disease-maiz,lethal_necrosis,fall_armyworm,1,0.002079002079002079
test,hpo_trial_0,multicrop-disease-maiz,lethal_necrosis,gray_leaf_spot,0,0.0
test,hpo_trial_0,multicrop-disease-maiz,lethal_necrosis,healthy,3,0.006237006237006237
test,hpo_trial_0,multicrop-disease-maiz,lethal_necrosis,lethal_necrosis,477,0.9916839916839917
test,hpo_trial_0,multicrop-disease-maiz,lethal_necrosis,nitrogen_deficiency,0,0.0
test,hpo_trial_0,multicrop-disease-maiz,lethal_necrosis,northern_corn_leaf_blight,0,0.0
test,hpo_trial_0,multicrop-disease-maiz,lethal_necrosis,phosphorus_deficiency,0,0.0
test,hpo_trial_0,multicrop-disease-maiz,lethal_necrosis,potassium_deficiency,0,0.0
