split,model,source_id,class,support,precision,recall,f1,errors,false_positives,top_confusion,top_confusion_count,mean_confidence_hits,mean_confidence_errors
validation,baseline,corn-leaf-roboflow,nitrogen_deficiency,64,0.8769230769230769,0.890625,0.883720930232558,7,8,potassium_deficiency,7,0.8886284352394572,0.8825241327285767
validation,baseline,corn-leaf-roboflow,phosphorus_deficiency,69,0.9846153846153847,0.927536231884058,0.9552238805970149,5,1,potassium_deficiency,3,0.9020570022985339,0.6282596945762634
validation,baseline,corn-leaf-roboflow,potassium_deficiency,29,0.6774193548387096,0.7241379310344828,0.7,8,10,nitrogen_deficiency,6,0.817517184075855,0.7787856757640839
validation,baseline,maize-2-roboflow,nitrogen_deficiency,37,0.8974358974358975,0.9459459459459459,0.9210526315789475,2,4,potassium_deficiency,2,0.8959219200270516,0.6803639382123947
validation,baseline,maize-2-roboflow,phosphorus_deficiency,43,1.0,0.9302325581395349,0.963855421686747,3,0,potassium_deficiency,2,0.9054107159376145,0.6275084614753723
validation,baseline,maize-2-roboflow,potassium_deficiency,46,0.9148936170212766,0.9347826086956522,0.924731182795699,3,4,nitrogen_deficiency,3,0.9359936118125916,0.8734471797943115
validation,baseline,maize-deficiency-scanner-roboflow,nitrogen_deficiency,11,1.0,0.9090909090909091,0.9523809523809523,1,0,potassium_deficiency,1,0.8756146222352982,0.6952115893363953
validation,baseline,maize-deficiency-scanner-roboflow,phosphorus_deficiency,7,1.0,1.0,1.0,0,0,,0,0.84234048639025,
validation,baseline,maize-deficiency-scanner-roboflow,potassium_deficiency,8,0.8888888888888888,1.0,0.9411764705882353,0,1,,0,0.9409118890762329,
validation,baseline,maize-nutrient-deficiency,nitrogen_deficiency,15,0.9285714285714286,0.8666666666666667,0.896551724137931,2,1,northern_corn_leaf_blight,2,0.8775188647783719,0.703918069601059
validation,baseline,maize-nutrient-deficiency,phosphorus_deficiency,22,1.0,1.0,1.0,0,0,,0,0.8750530102036216,
validation,baseline,maize-nutrient-deficiency,potassium_deficiency,10,1.0,0.9,0.9473684210526316,1,0,nitrogen_deficiency,1,0.9287628067864312,0.5134387016296387
validation,hpo_trial_0,corn-leaf-roboflow,nitrogen_deficiency,64,0.8923076923076924,0.90625,0.8992248062015504,6,7,potassium_deficiency,5,0.9111401870332915,0.7561533798774084
validation,hpo_trial_0,corn-leaf-roboflow,phosphorus_deficiency,69,1.0,0.9420289855072463,0.9701492537313433,4,0,potassium_deficiency,3,0.925666827421922,0.9274631589651108
validation,hpo_trial_0,corn-leaf-roboflow,potassium_deficiency,29,0.6666666666666666,0.7586206896551724,0.7096774193548386,7,11,nitrogen_deficiency,5,0.8911276161670685,0.9147865516798837
validation,hpo_trial_0,maize-2-roboflow,nitrogen_deficiency,37,0.9428571428571428,0.8918918918918919,0.9166666666666667,4,2,potassium_deficiency,3,0.8979548811912537,0.8263499140739441
validation,hpo_trial_0,maize-2-roboflow,phosphorus_deficiency,43,1.0,0.9069767441860465,0.951219512195122,4,0,potassium_deficiency,3,0.8987106268222516,0.6670069694519043
validation,hpo_trial_0,maize-2-roboflow,potassium_deficiency,46,0.8823529411764706,0.9782608695652174,0.9278350515463919,1,6,nitrogen_deficiency,1,0.9385822865698072,0.8128200769424438
validation,hpo_trial_0,maize-deficiency-scanner-roboflow,nitrogen_deficiency,11,1.0,0.9090909090909091,0.9523809523809523,1,0,potassium_deficiency,1,0.8659747451543808,0.9425679445266724
validation,hpo_trial_0,maize-deficiency-scanner-roboflow,phosphorus_deficiency,7,1.0,1.0,1.0,0,0,,0,0.9036957962172372,
validation,hpo_trial_0,maize-deficiency-scanner-roboflow,potassium_deficiency,8,0.8888888888888888,1.0,0.9411764705882353,0,1,,0,0.9681551977992058,
validation,hpo_trial_0,maize-nutrient-deficiency,nitrogen_deficiency,15,0.9230769230769231,0.8,0.8571428571428571,3,1,healthy,1,0.8937960912783941,0.5382974942525228
validation,hpo_trial_0,maize-nutrient-deficiency,phosphorus_deficiency,22,1.0,0.9545454545454546,0.9767441860465117,1,0,nitrogen_deficiency,1,0.9294006611619677,0.6901444792747498
validation,hpo_trial_0,maize-nutrient-deficiency,potassium_deficiency,10,0.9090909090909091,1.0,0.9523809523809523,0,1,,0,0.8292558580636978,
test,baseline,corn-leaf-roboflow,nitrogen_deficiency,65,0.9130434782608695,0.9692307692307692,0.9402985074626865,2,6,potassium_deficiency,2,0.8930414460954212,0.8263358771800995
test,baseline,corn-leaf-roboflow,phosphorus_deficiency,80,1.0,0.925,0.961038961038961,6,0,fall_armyworm,5,0.8986108593038611,0.7031936347484589
test,baseline,corn-leaf-roboflow,potassium_deficiency,30,0.7586206896551724,0.7333333333333333,0.7457627118644068,8,7,nitrogen_deficiency,6,0.8622929968617179,0.7979334518313408
test,baseline,maize-2-roboflow,nitrogen_deficiency,41,0.7843137254901961,0.975609756097561,0.8695652173913043,1,11,potassium_deficiency,1,0.9141582533717155,0.8293899297714233
test,baseline,maize-2-roboflow,phosphorus_deficiency,39,1.0,0.7435897435897436,0.8529411764705882,10,0,potassium_deficiency,5,0.8949155098405378,0.6856400161981583
test,baseline,maize-2-roboflow,potassium_deficiency,47,0.8723404255319149,0.8723404255319149,0.8723404255319149,6,6,nitrogen_deficiency,6,0.9221171169746213,0.82704825202624
test,baseline,maize-deficiency-scanner-roboflow,nitrogen_deficiency,11,0.7857142857142857,1.0,0.88,0,3,,0,0.9148435971953652,
test,baseline,maize-deficiency-scanner-roboflow,phosphorus_deficiency,4,1.0,0.75,0.8571428571428571,1,0,potassium_deficiency,1,0.8607997894287109,0.92447167634964
test,baseline,maize-deficiency-scanner-roboflow,potassium_deficiency,10,0.875,0.7,0.7777777777777777,3,1,nitrogen_deficiency,3,0.923835005078997,0.9312509298324585
test,baseline,maize-nutrient-deficiency,nitrogen_deficiency,10,1.0,1.0,1.0,0,0,,0,0.8616867661476135,
test,baseline,maize-nutrient-deficiency,phosphorus_deficiency,17,0.9444444444444444,1.0,0.9714285714285714,0,1,,0,0.9240071843652164,
test,baseline,maize-nutrient-deficiency,potassium_deficiency,6,1.0,0.8333333333333334,0.9090909090909091,1,0,northern_corn_leaf_blight,1,0.9648987770080566,0.6688737273216248
test,hpo_trial_0,corn-leaf-roboflow,nitrogen_deficiency,65,0.9180327868852459,0.8615384615384616,0.8888888888888888,9,5,potassium_deficiency,7,0.9312366098165512,0.7201232380337186
test,hpo_trial_0,corn-leaf-roboflow,phosphorus_deficiency,80,1.0,0.9125,0.9542483660130718,7,0,fall_armyworm,4,0.9196777715258402,0.7816468477249146
test,hpo_trial_0,corn-leaf-roboflow,potassium_deficiency,30,0.631578947368421,0.8,0.7058823529411765,6,14,nitrogen_deficiency,5,0.8702484195431074,0.8606926798820496
test,hpo_trial_0,maize-2-roboflow,nitrogen_deficiency,41,0.8444444444444444,0.926829268292683,0.8837209302325582,3,7,potassium_deficiency,3,0.9199532003779161,0.9026843508084615
test,hpo_trial_0,maize-2-roboflow,phosphorus_deficiency,39,0.9696969696969697,0.8205128205128205,0.8888888888888888,7,1,potassium_deficiency,5,0.9235389046370983,0.7866382087979998
test,hpo_trial_0,maize-2-roboflow,potassium_deficiency,47,0.8367346938775511,0.8723404255319149,0.8541666666666667,6,8,nitrogen_deficiency,5,0.9563476646818766,0.8131469140450159
test,hpo_trial_0,maize-deficiency-scanner-roboflow,nitrogen_deficiency,11,0.8461538461538461,1.0,0.9166666666666666,0,2,,0,0.9148661710999229,
test,hpo_trial_0,maize-deficiency-scanner-roboflow,phosphorus_deficiency,4,1.0,0.75,0.8571428571428571,1,0,potassium_deficiency,1,0.8751919666926066,0.9637385606765748
test,hpo_trial_0,maize-deficiency-scanner-roboflow,potassium_deficiency,10,0.8888888888888888,0.8,0.8421052631578948,2,1,nitrogen_deficiency,2,0.9201959520578384,0.9068775177001953
test,hpo_trial_0,maize-nutrient-deficiency,nitrogen_deficiency,10,1.0,1.0,1.0,0,0,,0,0.8385760903358459,
test,hpo_trial_0,maize-nutrient-deficiency,phosphorus_deficiency,17,0.9444444444444444,1.0,0.9714285714285714,0,1,,0,0.949575259405024,
test,hpo_trial_0,maize-nutrient-deficiency,potassium_deficiency,6,1.0,0.8333333333333334,0.9090909090909091,1,0,northern_corn_leaf_blight,1,0.8601441383361816,0.8234457969665527
