source_id,class,total,train,validation,test,pct_within_source,pct_of_class
corn-leaf-diseases-classification-roboflow,common_rust,0,0,0,0,0.0,0.0
corn-leaf-diseases-classification-roboflow,fall_armyworm,0,0,0,0,0.0,0.0
corn-leaf-diseases-classification-roboflow,gray_leaf_spot,480,342,71,67,100.0,24.870466321243523
corn-leaf-diseases-classification-roboflow,healthy,0,0,0,0,0.0,0.0
corn-leaf-diseases-classification-roboflow,lethal_necrosis,0,0,0,0,0.0,0.0
corn-leaf-diseases-classification-roboflow,nitrogen_deficiency,0,0,0,0,0.0,0.0
corn-leaf-diseases-classification-roboflow,northern_corn_leaf_blight,0,0,0,0,0.0,0.0
corn-leaf-diseases-classification-roboflow,phosphorus_deficiency,0,0,0,0,0.0,0.0
corn-leaf-diseases-classification-roboflow,potassium_deficiency,0,0,0,0,0.0,0.0
corn-leaf-roboflow,common_rust,0,0,0,0,0.0,0.0
corn-leaf-roboflow,fall_armyworm,807,596,107,104,27.646454265159303,16.628889346795795
corn-leaf-roboflow,gray_leaf_spot,0,0,0,0,0.0,0.0
corn-leaf-roboflow,healthy,456,333,60,63,15.621788283658788,5.217391304347826
corn-leaf-roboflow,lethal_necrosis,0,0,0,0,0.0,0.0
corn-leaf-roboflow,nitrogen_deficiency,424,295,64,65,14.525522439191503,50.118203309692674
corn-leaf-roboflow,northern_corn_leaf_blight,523,356,71,96,17.91709489551216,7.657393850658858
corn-leaf-roboflow,phosphorus_deficiency,499,350,69,80,17.0948955121617,53.198294243070364
corn-leaf-roboflow,potassium_deficiency,210,151,29,30,7.194244604316546,33.81642512077295
cropdg-unified-multidomain,common_rust,0,0,0,0,0.0,0.0
cropdg-unified-multidomain,fall_armyworm,0,0,0,0,0.0,0.0
cropdg-unified-multidomain,gray_leaf_spot,513,359,77,77,20.02341920374707,26.580310880829014
cropdg-unified-multidomain,healthy,1161,795,200,166,45.31615925058548,13.2837528604119
cropdg-unified-multidomain,lethal_necrosis,0,0,0,0,0.0,0.0
cropdg-unified-multidomain,nitrogen_deficiency,0,0,0,0,0.0,0.0
cropdg-unified-multidomain,northern_corn_leaf_blight,888,622,133,133,34.66042154566745,13.001464128843338
cropdg-unified-multidomain,phosphorus_deficiency,0,0,0,0,0.0,0.0
cropdg-unified-multidomain,potassium_deficiency,0,0,0,0,0.0,0.0
maize-2-roboflow,common_rust,0,0,0,0,0.0,0.0
maize-2-roboflow,fall_armyworm,0,0,0,0,0.0,0.0
maize-2-roboflow,gray_leaf_spot,0,0,0,0,0.0,0.0
maize-2-roboflow,healthy,0,0,0,0,0.0,0.0
maize-2-roboflow,lethal_necrosis,0,0,0,0,0.0,0.0
maize-2-roboflow,nitrogen_deficiency,247,169,37,41,29.196217494089833,29.196217494089833
maize-2-roboflow,northern_corn_leaf_blight,0,0,0,0,0.0,0.0
maize-2-roboflow,phosphorus_deficiency,291,209,43,39,34.39716312056738,31.023454157782517
maize-2-roboflow,potassium_deficiency,308,215,46,47,36.406619385342786,49.59742351046699
maize-beans-tomatoes-africa,common_rust,0,0,0,0,0.0,0.0
maize-beans-tomatoes-africa,fall_armyworm,2419,1680,370,369,19.93243243243243,49.84545641871008
maize-beans-tomatoes-africa,gray_leaf_spot,0,0,0,0,0.0,0.0
maize-beans-tomatoes-africa,healthy,2310,1654,311,345,19.034278180619644,26.430205949656752
maize-beans-tomatoes-africa,lethal_necrosis,3184,2202,500,482,26.235992089650626,49.63367108339828
maize-beans-tomatoes-africa,nitrogen_deficiency,0,0,0,0,0.0,0.0
maize-beans-tomatoes-africa,northern_corn_leaf_blight,4223,2951,656,616,34.7972972972973,61.83016105417277
maize-beans-tomatoes-africa,phosphorus_deficiency,0,0,0,0,0.0,0.0
maize-beans-tomatoes-africa,potassium_deficiency,0,0,0,0,0.0,0.0
maize-deficiency-scanner-roboflow,common_rust,0,0,0,0,0.0,0.0
maize-deficiency-scanner-roboflow,fall_armyworm,0,0,0,0,0.0,0.0
maize-deficiency-scanner-roboflow,gray_leaf_spot,0,0,0,0,0.0,0.0
maize-deficiency-scanner-roboflow,healthy,0,0,0,0,0.0,0.0
maize-deficiency-scanner-roboflow,lethal_necrosis,0,0,0,0,0.0,0.0
maize-deficiency-scanner-roboflow,nitrogen_deficiency,76,54,11,11,48.10126582278481,8.983451536643026
maize-deficiency-scanner-roboflow,northern_corn_leaf_blight,0,0,0,0,0.0,0.0
maize-deficiency-scanner-roboflow,phosphorus_deficiency,35,24,7,4,22.151898734177216,3.7313432835820897
maize-deficiency-scanner-roboflow,potassium_deficiency,47,29,8,10,29.746835443037973,7.568438003220612
maize-diseases,common_rust,1192,842,171,179,17.055372728573474,52.836879432624116
maize-diseases,fall_armyworm,0,0,0,0,0.0,0.0
maize-diseases,gray_leaf_spot,0,0,0,0,0.0,0.0
maize-diseases,healthy,4741,3283,729,729,67.83516955215339,54.244851258581235
maize-diseases,lethal_necrosis,0,0,0,0,0.0,0.0
maize-diseases,nitrogen_deficiency,0,0,0,0,0.0,0.0
maize-diseases,northern_corn_leaf_blight,1056,756,147,153,15.109457719273143,15.461200585651538
maize-diseases,phosphorus_deficiency,0,0,0,0,0.0,0.0
maize-diseases,potassium_deficiency,0,0,0,0,0.0,0.0
maize-in-field-dataset,common_rust,106,74,16,16,12.44131455399061,4.698581560283688
maize-in-field-dataset,fall_armyworm,0,0,0,0,0.0,0.0
maize-in-field-dataset,gray_leaf_spot,606,423,90,93,71.12676056338029,31.39896373056995
maize-in-field-dataset,healthy,0,0,0,0,0.0,0.0
maize-in-field-dataset,lethal_necrosis,0,0,0,0,0.0,0.0
maize-in-field-dataset,nitrogen_deficiency,0,0,0,0,0.0,0.0
maize-in-field-dataset,northern_corn_leaf_blight,140,96,17,27,16.431924882629108,2.049780380673499
maize-in-field-dataset,phosphorus_deficiency,0,0,0,0,0.0,0.0
maize-in-field-dataset,potassium_deficiency,0,0,0,0,0.0,0.0
maize-leaf-roboflow,common_rust,0,0,0,0,0.0,0.0
maize-leaf-roboflow,fall_armyworm,0,0,0,0,0.0,0.0
maize-leaf-roboflow,gray_leaf_spot,331,227,52,52,100.0,17.150259067357513
maize-leaf-roboflow,healthy,0,0,0,0,0.0,0.0
maize-leaf-roboflow,lethal_necrosis,0,0,0,0,0.0,0.0
maize-leaf-roboflow,nitrogen_deficiency,0,0,0,0,0.0,0.0
maize-leaf-roboflow,northern_corn_leaf_blight,0,0,0,0,0.0,0.0
maize-leaf-roboflow,phosphorus_deficiency,0,0,0,0,0.0,0.0
maize-leaf-roboflow,potassium_deficiency,0,0,0,0,0.0,0.0
maize-nutrient-deficiency,common_rust,0,0,0,0,0.0,0.0
maize-nutrient-deficiency,fall_armyworm,0,0,0,0,0.0,0.0
maize-nutrient-deficiency,gray_leaf_spot,0,0,0,0,0.0,0.0
maize-nutrient-deficiency,healthy,72,53,11,8,21.176470588235293,0.8237986270022883
maize-nutrient-deficiency,lethal_necrosis,0,0,0,0,0.0,0.0
maize-nutrient-deficiency,nitrogen_deficiency,99,74,15,10,29.11764705882353,11.702127659574469
maize-nutrient-deficiency,northern_corn_leaf_blight,0,0,0,0,0.0,0.0
maize-nutrient-deficiency,phosphorus_deficiency,113,74,22,17,33.23529411764706,12.046908315565032
maize-nutrient-deficiency,potassium_deficiency,56,40,10,6,16.470588235294116,9.017713365539452
multicrop-disease-maiz,common_rust,958,663,151,144,16.471801925722147,42.4645390070922
multicrop-disease-maiz,fall_armyworm,1627,1121,251,255,27.97455295735901,33.52565423449413
multicrop-disease-maiz,gray_leaf_spot,0,0,0,0,0.0,0.0
multicrop-disease-maiz,healthy,0,0,0,0,0.0,0.0
multicrop-disease-maiz,lethal_necrosis,3231,2288,462,481,55.553645116918844,50.36632891660172
multicrop-disease-maiz,nitrogen_deficiency,0,0,0,0,0.0,0.0
multicrop-disease-maiz,northern_corn_leaf_blight,0,0,0,0,0.0,0.0
multicrop-disease-maiz,phosphorus_deficiency,0,0,0,0,0.0,0.0
multicrop-disease-maiz,potassium_deficiency,0,0,0,0,0.0,0.0
