source_id,total,train,validation,test,pct_total,pct_train,pct_validation,pct_test
maize-beans-tomatoes-africa,12136,8487,1837,1812,36.3038080708367,36.26923076923077,36.63741523733546,36.13160518444666
maize-diseases,6989,4881,1047,1061,20.90699691884292,20.858974358974358,20.881531711208616,21.15653040877368
multicrop-disease-maiz,5816,4072,864,880,17.39806754614257,17.4017094017094,17.2317510969286,17.547357926221338
corn-leaf-roboflow,2919,2081,400,438,8.731939334111102,8.893162393162394,7.9776625448743514,8.733798604187438
cropdg-unified-multidomain,2562,1776,410,376,7.664004307637081,7.589743589743589,8.177104108496211,7.497507477567298
maize-in-field-dataset,852,593,123,136,2.5486852732657272,2.534188034188034,2.4531312325488632,2.711864406779661
maize-2-roboflow,846,593,126,127,2.530736785425828,2.534188034188034,2.512963701635421,2.532402791625125
corn-leaf-diseases-classification-roboflow,480,342,71,67,1.435879027191959,1.4615384615384615,1.4160351017151975,1.3359920239282153
maize-nutrient-deficiency,340,241,58,41,1.0170809775943044,1.0299145299145298,1.156761069006781,0.8175473579262214
maize-leaf-roboflow,331,227,52,52,0.9901582458344551,0.9700854700854701,1.0370961308336657,1.036889332003988
maize-deficiency-scanner-roboflow,158,107,26,25,0.4726435131173532,0.45726495726495725,0.5185480654168328,0.4985044865403789
