source_id,samples,median_width,median_height,median_megapixels,distinct_resolutions,most_common_resolution,most_common_resolution_n,pct_most_common_resolution
maize-beans-tomatoes-africa,12136,765.0,498.0,0.509952,490,640x480,3733,30.759723137771918
maize-diseases,6989,1024.0,768.0,0.786432,10,1024x768,2467,35.29832594076406
multicrop-disease-maiz,5816,1476.0,1254.5,1.8963255,1347,256x256,1203,20.684319119669876
corn-leaf-roboflow,2919,640.0,640.0,0.4096,1,640x640,2919,100.0
cropdg-unified-multidomain,2562,256.0,256.0,0.065536,1,256x256,2562,100.0
maize-in-field-dataset,852,3648.0,3168.0,12.192768,19,3648x2736,181,21.24413145539906
maize-2-roboflow,846,640.0,640.0,0.4096,10,640x640,440,52.009456264775416
corn-leaf-diseases-classification-roboflow,480,3000.0,3000.0,12.0,10,1536x2048,109,22.708333333333332
maize-nutrient-deficiency,340,607.5,542.0,0.3173405,334,960x697,2,0.5882352941176471
maize-leaf-roboflow,331,3024.0,3024.0,9.144576,3,3024x3024,329,99.39577039274924
maize-deficiency-scanner-roboflow,158,3024.0,4032.0,12.192768,4,3024x4032,121,76.58227848101266
