,common_rust,fall_armyworm,gray_leaf_spot,healthy,lethal_necrosis,nitrogen_deficiency,northern_corn_leaf_blight,phosphorus_deficiency,potassium_deficiency
common_rust,0.9989561586638832,0.0,0.0,0.0,0.0,0.0,0.0010438413361169,0.0,0.0
fall_armyworm,0.027658266748617,0.8592501536570375,0.0295021511985248,0.0239704978488014,0.0012292562999385,0.0424093423478795,0.0086047940995697,0.0049170251997541,0.002458512599877
gray_leaf_spot,0.0,0.0,0.0,0.0,0.0,0.0,0.0,0.0,0.0
healthy,0.0,0.0,0.0,0.0,0.0,0.0,0.0,0.0,0.0
lethal_necrosis,0.0024760136180748,0.0204271123491179,0.1525843392138657,0.0612813370473537,0.7236149798823893,0.0182606004333023,0.0061900340451872,0.004333023831631,0.0108325595790776
nitrogen_deficiency,0.0,0.0,0.0,0.0,0.0,0.0,0.0,0.0,0.0
northern_corn_leaf_blight,0.0,0.0,0.0,0.0,0.0,0.0,0.0,0.0,0.0
phosphorus_deficiency,0.0,0.0,0.0,0.0,0.0,0.0,0.0,0.0,0.0
potassium_deficiency,0.0,0.0,0.0,0.0,0.0,0.0,0.0,0.0,0.0
